,ID,Resolution
0,development-1,Phoebe Thomas
1,development-2,MacKenzie
2,development-3,Governor Angeloz
3,development-5,Kitty Oppenheimer
4,development-6,Sandra Collins
5,development-7,Reb Asher 's brother
6,development-8,"Greg Kot of the Chicago Tribune perceived `` formula production and hack songwriting '' , but complimented Pink 's personality and its `` handful '' of worthy tracks ."
7,development-9,Mary
8,development-10,Christina Jennings
9,development-11,David Onley
10,development-12,Eleanor
11,development-13,Mary Helen Moses
12,development-14,Kazuki Nakajima
13,development-15,Maria 's mother
14,development-16,McCulloch
15,development-17,Maurice
16,development-18,his
17,development-19,Justin at the Beatdown
18,development-20,Ramsey 's
19,development-21,Mike Stewart for more than  years
20,development-22,Kurt
21,development-23,Magee
22,development-24,Maggie Anderson
23,development-25,Margaret Bell
24,development-26,Michael Billington in The Guardian
25,development-27,Beth
26,development-28,The victim
27,development-29,MMA fighter Eddie Alvarez with a record of  wins and  losses
28,development-30,Paul
29,development-31,Nicholas Rogers as Tarabas role
30,development-32,the Black Witch
31,development-33,Elsie and Steve Tanner on their wedding day
32,development-34,she
33,development-35,Bobby Peacock of Roughstock
34,development-36,Cromwell 's
35,development-37,his brother Cornelis
36,development-38,Roberta Reid
37,development-39,Andreev
38,development-40,a Democrat
39,development-41,Karl Philipp
40,development-42,the Conservatives
41,development-43,'s
42,development-44,Paola
43,development-45,Felicity Dean 's Carol Ann
44,development-47,her grandmother
45,development-48,a conservative lesbian African American
46,development-49,his nd wife
47,development-50,Rusty Magee to a libretto
48,development-51,a
49,development-52,Dr. Carly Manning
50,development-53,her
51,development-54,Lorenzo Rubini
52,development-55,"A one-time student under Felix Weingartner and former violinist with the Hall * , Rees"
53,development-56,"the May Frere at port of Bhavnagar , Colonel Barton -LRB- the political Agent -RRB-"
54,development-57,director Sophie Consagra
55,development-58,Alleway
56,development-59,Frank 's
57,development-60,Lindsay
58,development-61,"Matthew : , :"
59,development-62,bad-girl Naomi Clark
60,development-63,Future-President George W. Bush
61,development-64,current world champion Lu Lan of China
62,development-65,Glabius
63,development-66,the writer
64,development-67,the mother of Peter
65,development-68,Rathnavel -LRB- R. P. Viswam -RRB-
66,development-69,his wife
67,development-70,Mauboy 's
68,development-71,Robert Flaherty
69,development-72,Cosima Liszt
70,development-73,Pinter
71,development-74,Doege
72,development-75,Sir Ralph Abercromby
73,development-76,Allmusic reviewer Stephen Thomas Erlewine
74,development-77,Samtown
75,development-78,President Gloria Macapagal-Arroyo
76,development-79,Hermann Grassmann -LRB- advancing the use of vector analysis -RRB-
77,development-80,Petersen
78,development-81,a baby girl
79,development-82,Philip who is declared commander of the League 's army
80,development-83,his wife
81,development-84,a minister
82,development-85,Daisy
83,development-87,Bongo
84,development-88,Daniel
85,development-89,Alphonse Royer
86,development-90,Elizabeth 's
87,development-91,Donald MacArthur -LRB- the ` Occasional ' -RRB-
88,development-92,his daughter
89,development-93,Bonnie Grabenhofer of Illinois
90,development-94,Alice 's
91,development-95,Charlie Weis
92,development-96,George Caswell
93,development-97,Tredway 's
94,development-98,Margrave Leopold III of Austria
95,development-99,Jacques
96,development-100,a protege of Bounty Killer
97,development-101,Re-elected in the  election
98,development-102,a strip club owner
99,development-103,Donald P. Kanak
100,development-104,His
101,development-105,"Eliza Simmons Bryant -LRB-  -- May  ,  -RRB-"
102,development-106,Julia
103,development-107,Asha
104,development-108,the Americans
105,development-109,Tami Lynne
106,development-110,Charles Cawley
107,development-111,Alice Perrers
108,development-112,Danny Goldman
109,development-113,Another homeroom teacher
110,development-114,Gallant Lord Flashheart
111,development-115,almost Angelica
112,development-116,Elsie
113,development-117,Yang Xiong
114,development-118,Anna Brewster
115,development-119,secretary general of the party
116,development-120,Oliveira
117,development-121,Hudd
118,development-122,author and National Book Award Winner for The Feast of Love Leo J. Enright
119,development-123,Unbeknownst to them
120,development-124,"King of Delhi , King Feroz Shah Tughlaq"
121,development-125,Donald Deacon
122,development-126,Massachusetts Governor Charlie Baker in 
123,development-127,Brian Wilson
124,development-128,Smith
125,development-129,Haritha
126,development-130,Carney
127,development-131,Jerry Marshall
128,development-132,he
129,development-133,Jones
130,development-134,The couple
131,development-135,"The leader of the Legnano -- Pirelli team , Graziano Battistini"
132,development-136,Miller
133,development-137,The -year-old Nyro
134,development-138,Hayes
135,development-139,DeLaurentis/Carolco -LRB- now EUE Screen Gems -RRB-
136,development-140,Catherine Falconetti -LRB- Ullman -RRB- to local butcher Joseph Santangelo -LRB- D'Onofrio -RRB-
137,development-141,Isabel
138,development-142,Isabel
139,development-143,Yukiko Shinozaki
140,development-144,"Diane 's granddaughter Charlotte de la Marck , the ch"
141,development-145,Rocky
142,development-146,Natasha
143,development-147,Edward Monro
144,development-148,The actress Dian Sastrowardoyo
145,development-149,Bieber 's
146,development-150,even Siva from ` The Wanted
147,development-151,Colonel Palmer
148,development-152,Mary Moore
149,development-153,The poor
150,development-154,Gloria over Rita
151,development-155,Woman 's
152,development-156,Alexander the Great -LRB- BC-BC -RRB-
153,development-157,Liszt
154,development-158,Bennett
155,development-159,Deacon
156,development-160,Henrietta Anne Hoare
157,development-161,Lindsay Lohan 's
158,development-162,his father 's
159,development-163,Riotta 's
160,development-164,Quinn
161,development-165,"Ardon Benjamin Holcomb -LRB- Born June  ,  in North Granby , Hartford , Connecticut ; died September  ,  -RRB- , a lawyer"
162,development-166,Noah for future occupation
163,development-167,Geller
164,development-168,"Noble `` Thin Man '' Watts -LRB- February  ,  -- August  ,  -RRB-"
165,development-169,some
166,development-170,an educationist
167,development-171,The Mark Twain book A Tramp
168,development-172,his new master
169,development-173,Murray
170,development-174,Sarah Wigglesworth
171,development-175,Sherwood
172,development-176,Fred 's cellmate
173,development-177,Aleksey Mikhailovich
174,development-178,contender Oba Carr in February 
175,development-179,She
176,development-180,Johnny Dee
177,development-181,Yuan Sijun -LRB- born  May  in Fujian -RRB-
178,development-182,Pavlik
179,development-183,The Red Rose of Lancaster
180,development-184,Susan Mtegha
181,development-185,Kelsey
182,development-187,Harold Fleming 's `` splendid left-foot shot ''
183,development-188,the bartender Horace trapped under debris
184,development-189,Edith
185,development-190,Ceruti 's
186,development-191,Tad Gruzsa
187,development-192,Aguilar
188,development-193,Miss Palmer
189,development-194,Julie Madison
190,development-195,Lady Thiang
191,development-196,Honda 's th Grand Prix as an engine supplier and the first time
192,development-197,Lee
193,development-198,Verdi 's Don Carlos
194,development-199,Belle
195,development-200,Belle
196,development-201,He
197,development-202,"Artigas , who thought that the gauchos were not treated well"
198,development-203,Groucutt
199,development-204,Quincy Jones
200,development-205,her old boyfriend
201,development-206,Blige
202,development-207,Petter
203,development-208,Victoria
204,development-209,Giggs
205,development-210,Barlow
206,development-211,Margaret Thatcher 's
207,development-212,Ricardo
208,development-213,Teri Ann Linn that Kristen was no longer needed in the show 's current storylines
209,development-214,Mickey Holliday
210,development-215,Isabelle 's
211,development-216,Heidi
212,development-217,George H. Throop
213,development-219,Toshney
214,development-220,Byas
215,development-221,a member of the Western Australian Legislative Council
216,development-222,Rubenfeld
217,development-223,Vivian
218,development-224,Dunstan
219,development-225,"John Nixon -LRB- May  ,  - June  ,  -RRB- , English mining engineer and colliery proprietor"
220,development-226,Assistant to First Lady Hillary Rodham Clinton 's Chief of Staff
221,development-227,Tracey Chapman
222,development-228,Bonnie Tyler -LRB- then known as Gaynor Hopkins -RRB-
223,development-229,Stephanie Merritt of
224,development-230,Jean Baptiste Boisot
225,development-231,her
226,development-232,Father Joseph
227,development-233,"Elizabeth Frances Zane in Chicago , Illinois"
228,development-234,He
229,development-235,Sarah 's aunt Emily Eden
230,development-236,Isabel
231,development-237,Isabel
232,development-238,Richard
233,development-239,Crummell
234,development-240,his father Emperor Kang
235,development-241,Yana
236,development-242,The victim
237,development-243,a guest vocalist
238,development-244,Grace Lumpkin
239,development-245,Sasha
240,development-246,Hubbell 's overbearing mother
241,development-247,Yi ` nan
242,development-248,music journalist Daniel Cooper 's
243,development-249,Lee Roy Martin
244,development-250,Conrad
245,development-251,Troy
246,development-252,Rita Verdonk
247,development-253,Celia
248,development-254,Emma
249,development-255,Robin
250,development-256,"the character of Mary , who suffers from a mental illness"
251,development-257,James Syme
252,development-258,Herbert
253,development-259,Malcolm Rifkind
254,development-260,Dyer then race
255,development-261,Smith
256,development-262,Eric Matisoff
257,development-263,Bordo 's
258,development-264,Abram
259,development-265,Giovanna Pessi
260,development-266,Conlan
261,development-268,his friend Blaise -LRB- Kotto -RRB-
262,development-269,She
263,development-270,Emma
264,development-271,Pratap
265,development-272,The top guard in the SEC
266,development-273,William
267,development-274,Busch still leading
268,development-275,Lisa
269,development-276,Lisa
270,development-277,Bart
271,development-278,some
272,development-279,Rinker
273,development-280,Gao Jixing
274,development-281,Eleanor
275,development-282,Kieran Richardson
276,development-283,Bissett
277,development-284,Arthur W. Saha
278,development-285,compatriot Vasek Pospisil
279,development-286,Dr. John P. Brookins
280,development-287,Uncle Petrie
281,development-288,Her
282,development-289,Kudryavtseva
283,development-290,Corby
284,development-291,Llewellyn
285,development-292,Melinda
286,development-293,Sylvia Plath
287,development-294,the debuting Jayme Jameson
288,development-295,Dante
289,development-296,Villefort
290,development-297,"John Wayne from  to  , which also includes those films that Wayne only produced , and results pertaining to his long-running box office popularity between  and "
291,development-298,Ramanand Sagar
292,development-299,Granell
293,development-300,William Stewart
294,development-301,Kevin Keegan
295,development-302,Sarah 's
296,development-303,Stanner
297,development-304,Addams
298,development-305,Neither character
299,development-306,Wally Backman and Keith Hernandez
300,development-307,Vettel
301,development-308,Special Agent
302,development-309,Alexander Irvin
303,development-310,A.J. Styles
304,development-311,Janet
305,development-312,Harriet
306,development-313,Stephanie
307,development-314,"Roman Steinberg -LRB- April  ,  -- April  ,  -RRB- from Tallinn , Estonia"
308,development-315,Maria
309,development-316,Stevens
310,development-317,Marenghi
311,development-318,Lillian Cleaves
312,development-319,Lindrum
313,development-320,Caressa
314,development-321,Pancho Villa in 
315,development-322,Niall
316,development-323,Tewodros II 's
317,development-324,a malevolent ghost
318,development-325,Robert
319,development-326,Hillary Clinton
320,development-327,Prof. Larsson
321,development-328,Portia
322,development-329,his father 's
323,development-330,Mermet
324,development-331,"Vivian who is entombed , and after escaping"
325,development-332,Victor
326,development-333,his father
327,development-334,Princess Margaret in the upcoming film
328,development-335,Bree
329,development-336,Gabrielle
330,development-337,Sam Allen
331,development-338,Millar
332,development-339,Ibn Thabit
333,development-340,Rusedski
334,development-341,Jean
335,development-342,"Heather O'Rourke -LRB- December  ,  -- February  ,  -RRB-"
336,development-343,Sharon Rich
337,development-344,Chueathai
338,development-345,Caepio
339,development-346,Ryan
340,development-347,The character of Gerard
341,development-348,Krystal Carey
342,development-349,Alexander Haig 's
343,development-350,Brentford manager Harry Curtis
344,development-351,Jo
345,development-352,Rachel
346,development-3531,-year-old Elizabeth Pe
347,development-354,James
348,development-355,Percy
349,development-356,Frank
350,development-357,Joe
351,development-358,Connor 's mother
352,development-360,Harris
353,development-361,Kira Nerys
354,development-362,Patricia
355,development-363,Steingut
356,development-364,Sarah Fitz-Gerald
357,development-365,Jon Lee Anderson
358,development-366,Evangeline
359,development-367,Howard
360,development-368,Brian Grazer
361,development-369,Gandhian
362,development-370,each
363,development-371,Christy -LRB- released in  -RRB-
364,development-372,Catherine Marshall
365,development-373,Jake Vargas as Jepoy -LRB- Guitar Enthusiast -RRB- - the group 's resident rocker .
366,development-374,Harbutt
367,development-375,Yuka 's corpse
368,development-376,the Queen
369,development-377,John Paulet
370,development-378,Temerlin
371,development-379,alway on King 's integrity
372,development-380,Constantius
373,development-381,Justin Tranter
374,development-382,Johan Bj
375,development-383,"Ian Parkin -LRB- born Wakefield , Yorkshire ,  -  July  -RRB-"
376,development-384,Joe Morgan
377,development-385,a literary mentor
378,development-386,Steve Blizzard
379,development-387,Basu
380,development-388,Cousin Helen
381,development-389,"the oldest of four children of Earl Andrew Forsythe , an attorney , and Janet Kendall Forsythe"
382,development-390,Traci Peterson
383,development-392,Moore 's
384,development-393,She
385,development-394,Lisa Brock
386,development-395,Don
387,development-396,Robles
388,development-397,Queen Eleanor
389,development-399,Adam
390,development-400,Wolman
391,development-402,Me ''
392,development-403,she
393,development-404,Etta -LRB- voiced by Leigh-Allyn Baker -RRB-
394,development-405,Anya
395,development-406,fourth member Barbara Martin
396,development-407,Venetists
397,development-408,Frutkin
398,development-409,Deanna in various costumes dressed as Madonna
399,development-410,Lisa Hunter
400,development-411,Faida Hamdy
401,development-412,Fern Britton
402,development-413,Boswell himself
403,development-414,Tilly 's
404,development-415,Williamite
405,development-416,Rufus
406,development-417,Governor Kathleen Sebelius
407,development-418,Alice
408,development-419,Jeremy Gifford
409,development-420,McClusky
410,development-421,Robinson
411,development-422,Thoms
412,development-423,Ellison 's
413,development-424,George
414,development-425,"David Hopkins , released in December "
415,development-426,Dotty
416,development-427,The couple
417,development-428,Williams
418,development-429,his father Ervin Robinson
419,development-430,The actress
420,development-431,Smith
421,development-4321,th
422,development-433,Jean-Gabriel De Tarde
423,development-434,Pan American
424,development-435,Mr. Kwan
425,development-436,Cecilia 's
426,development-437,Finn
427,development-438,William P. Rogers
428,development-439,David
429,development-440,Christ
430,development-441,Tony Bennett who was signed by Mitch Miller to Columbia Records on the strength of Bennett 's  demo of the song
431,development-442,Nicky Romero
432,development-443,Heidi Roizen
433,development-444,Theresa
434,development-445,Gaiman
435,development-446,Damian Woetzel
436,development-447,Thomas
437,development-448,"Whilst Ali was preaching , a chief requested Salih to judge the message brought by Ali ."
438,development-449,Nazi
439,development-450,her
440,development-451,Raymond 's wife
441,development-452,mother of two small children
442,development-453,Maurice Renand
443,development-454,Barbara Berman
444,development-455,Barbara Berman
445,development-456,consul candidate Marcus Cicero
446,development-457,Dan Brown 's
447,development-458,the philosopher
448,development-459,"Carlo Pedretti -LRB- born in Bologna ,  -RRB-"
449,development-460,Katniss
450,development-461,those to pay tribute to the more famous of the two brothers
451,development-462,Alice
452,development-463,Penny 's other daughter Alice Sycamore
453,development-465,Briana Scurry 's save of China 's third kick
454,development-466,Henry Czerny
455,development-467,Pius II
456,development-468,an ex-Krimzon Guard of high authority
457,development-469,Richard Davidson
458,development-470,Louise
459,development-471,Polly
460,development-472,Wendi Richter
461,development-473,"WrestleReunion in an eight-woman tag team match -LRB- teaming with Bambi , Malia Hosaka"
462,development-474,Louisiana Governor Chip Majors -LRB- James DuMont -RRB-
463,development-475,he
464,development-476,a -hour guard
465,development-477,The Swiss film critic Norbert Creutz
466,development-478,the Catalan commander Roger de Flor
467,development-479,William Wadsworth 's
468,development-480,Her
469,development-481,general manager Bobby Clarke
470,development-482,Jones
471,development-483,Mr. Bonjawo
472,development-484,Zhang Feng
473,development-4852,nd
474,development-486,Blige
475,development-487,He
476,development-488,Robert de Montesquiou
477,development-489,Suzanne
478,development-490,she
479,development-491,Martha
480,development-492,Only Cardinal Benedetto Odescalchi
481,development-493,"Betty about her crush on Henry , calling him her `` Nerd Lover"
482,development-494,Baljeet
483,development-495,her
484,development-496,Faustina
485,development-497,Ward
486,development-498,the current Minister of Foreign Affairs of Abkhazia
487,development-499,Gessle
488,development-500,John Hoskyns
489,development-502,Ernest Clark
490,development-503,Pierre Caziot
491,development-504,Catherine
492,development-505,He
493,development-506,"to be nominated twice more , winning for a third time , this time in the category of Best Supporting Actress"
494,development-507,Jackson
495,development-508,Ludmila Savinkova
496,development-509,Jonah Anguka
497,development-510,Sparkhouse -LRB- Red Production Company / BBC  -RRB- ;
498,development-511,Julie Marie Berman
499,development-512,Lauren Mitchell
500,development-513,Doyen
501,development-514,the Apartheid-set drama Agaat
502,development-515,Jared
503,development-516,"The cousin of Tigers outfielder Ron LeFlore , Steverson"
504,development-517,Betty 's family
505,development-518,the band 's producer
506,development-519,Eunice
507,development-520,Jacques Villeneuve
508,development-521,Brent Smith in 
509,development-522,Sam Dryden
510,development-523,Jay-Z
511,development-524,Brendon Hartley
512,development-525,documentarian Steve Zissou -LRB- Bill Murray -RRB-
513,development-526,Bruton
514,development-527,Lyricist Betty Thatcher-Newsinger
515,development-528,Cynthia
516,development-529,her celebrity
517,development-530,Muir
518,development-531,Moore
519,development-532,her
520,development-533,Paul Devereaux III
521,development-534,McLean
522,development-535,He
523,development-536,Ed Fishman
524,development-537,Ralph Vaughan Williams
525,development-538,Jervis
526,development-539,Luc Urbain de Bouexic
527,development-540,Anand 's
528,development-541,Nanci Griffith
529,development-542,JESS
530,development-543,Wanda Ileen Barzee
531,development-544,Elizabeth
532,development-545,Welner with introducing significant new evidence into the case in his -page report .
533,development-546,Helen Modern -LRB- born  February  -RRB-
534,development-547,Audrey
535,development-548,the director of Larry 's Hollywood film
536,development-549,Shumlin
537,development-550,Hilda Satt
538,development-551,Mary 's mother
539,development-552,Baynes
540,development-553,actress Glenn Close in the role
541,development-554,the scruffy kid
542,development-555,the architect
543,development-556,Rosa Mendes
544,development-557,Gardiner
545,development-558,he
546,development-559,Dave Navarro and Stephen Perkins
547,development-560,Brian Alexander Morgan
548,development-561,American mycologist William Murrill
549,development-562,Chorney
550,development-563,Marlene Palumbo from Indienink Music
551,development-564,Knyvet
552,development-565,Beyonc
553,development-566,Bjorn
554,development-567,his
555,development-568,Eyre
556,development-569,Justin Williams
557,development-570,Roberts
558,development-571,Benton 's father
559,development-572,Benton
560,development-573,Napoleon
561,development-574,He
562,development-575,Porter
563,development-576,****
564,development-577,Arianda
565,development-579,Alf and Else 's
566,development-581,someone named Ervin would write about Robert E. Howard 's Steve Costigan character from Fight Stories
567,development-582,Margaret Cavendish
568,development-583,His
569,development-584,Brenda
570,development-585,daughter of last witness
571,development-586,Samuel
572,development-587,Leadbetter
573,development-588,Roy Ascott at Ealing Art College in West London between  and 
574,development-589,Clark
575,development-590,Henry 's wife
576,development-591,Moore
577,development-592,Lulu Dark
578,development-593,His father
579,development-594,Jeff
580,development-595,Stuart Robert
581,development-596,Barkha
582,development-597,Barkha
583,development-598,Murasaki
584,development-599,`` Mary Ann Bighead '' -- a mockery of the former Times columnist and assistant editor Mary Ann Sieghart .
585,development-600,Anna Karenina
586,development-601,Davis
587,development-602,Graham
588,development-603,the telepathy-immune Plastic Man
589,development-604,a cricketer
590,development-605,Cabinet Expertise Drouart
591,development-606,an eight-woman Battle Royal
592,development-607,Tom Tobin
593,development-608,Liz Watts of Porchlight Films
594,development-609,von Frisch 's
595,development-610,Vald * tejn acquired Bukovina from Karel Kapoun from Svojkov .
596,development-611,Martin
597,development-612,"Kevin Park -LRB- born September  ,  in Hythe , Alberta -RRB-"
598,development-613,George Hayes -LRB- later to become known as `` Gabby '' Hayes -RRB-
599,development-614,Hebblethwaite
600,development-615,Arnim Zola
601,development-616,William
602,development-617,Adam
603,development-618,Giselle
604,development-619,Pierre Gaisseau
605,development-620,the City medical examiner
606,development-621,Whitman as a defendant
607,development-622,Wheatley
608,development-623,Payne
609,development-624,Many of the leaders
610,development-625,Michael Cohl
611,development-626,he
612,development-627,Max
613,development-628,"A courtier as well as a soldier , Colonel Finch"
614,development-629,Woolf
615,development-630,Len Righi of The Morning Call
616,development-631,Thomas Hermanns -LRB- b.  March  -RRB-
617,development-632,Gentile Chris
618,development-633,his now
619,development-634,Jalousie ''
620,development-635,Emicho of Leiningen
621,development-636,Laura Michelle Kelly
622,development-637,New York Mayor Michael Bloomberg
623,development-638,She
624,development-639,Lord Darwen
625,development-640,Pat Magnum
626,development-641,James Wolfe
627,development-642,Sinclair
628,development-643,Rossetti 's mother
629,development-644,"Roy Ward as Reverend Lucas Greene , the local Anglican priest ."
630,development-645,Patricia for a few years
631,development-646,Irene
632,development-647,Taylor
633,development-648,John
634,development-649,her daughter
635,development-650,Riley
636,development-651,her cousin in reality
637,development-652,Alison Krauss
638,development-653,Alison Krauss
639,development-654,Ann
640,development-655,Mary Freudstein
641,development-656,"Johan van Dorth -LRB- Horst ,  - Salvador ,  July  -RRB- , Lord of Horst and Pesch"
642,development-657,Angelina Beloff at the time
643,development-658,Amy Winthrop
644,development-659,Vedism
645,development-660,Maureen 's
646,development-661,Patricia
647,development-662,Colette
648,development-663,a scholar 's
649,development-664,Madeleine
650,development-665,Janet
651,development-666,Nathan
652,development-667,He
653,development-668,The family
654,development-669,Newton
655,development-670,Jon Krakauer
656,development-671,Kruse
657,development-672,the Premiership Whitehead
658,development-673,"Katie Blair from Billings , Montana"
659,development-674,"Clinton , Collier"
660,development-675,Sevyn
661,development-676,Mac Akasaka
662,development-678,Steve Brule : co-host of Engine Masters .
663,development-679,Arsenault
664,development-680,He
665,development-681,Ramya Krishnan
666,development-682,the daughter of civil engineer Colin McGregor Ure and Edith Swinburne
667,development-683,the daughter of civil engineer Colin McGregor Ure and Edith Swinburne
668,development-684,Leeds ' brother
669,development-685,Godfrey
670,development-686,Paduh
671,development-687,Millar
672,development-688,Bheem
673,development-689,he
674,development-690,Forbes
675,development-691,Betanzos
676,development-692,Ethan
677,development-693,Fincher
678,development-694,Wiggins
679,development-695,Jews who escaped from Nazi persecution
680,development-696,Gandhi
681,development-698,Ruscha
682,development-699,Layla Sarakalo
683,development-700,she
684,development-701,a rookie
685,development-702,Cosima 's
686,development-703,Clay 's
687,development-704,Marco Vespucci
688,development-705,Simonetta
689,development-706,Sarah Armantrout
690,development-707,You
691,development-708,Ray Lindwall
692,development-709,Emma Evans
693,development-711,Halberstam
694,development-712,He
695,development-713,"former Governor Sarah Palin of Alaska , the  Republican vice-presidential nominee"
696,development-714,Lance
697,development-715,Stephanie 's
698,development-716,Tim
699,development-717,G.K. Moopanar -LRB- ; - -RRB-
700,development-718,James I
701,development-719,"Angela , who in turn is infatuated with Army surgeon Major Hilary Jarret"
702,development-720,Peggy Ryan
703,development-721,Kartik Chandra Pal
704,development-722,Flanagan
705,development-723,Marco Pannella
706,development-724,Frans Schwartz
707,development-725,Tim Boswell 's
708,development-726,Brown University professor Andries van Dam
709,development-727,Seles
710,development-728,Kate Flannery
711,development-729,Kelly
712,development-730,Andy McBride -LRB- Robert Paige -RRB-
713,development-731,Andy Spade
714,development-732,a member of the group
715,development-733,co-written by Christos Gage and Mike Costa and drawn by Antonio Fuso
716,development-734,Tachibana -LRB- ** -RRB- Rito 's junior from his middleschool and also attending to Sainan High .
717,development-735,Haruna
718,development-736,"Kate , his friend"
719,development-737,Snelling
720,development-738,you
721,development-739,Tommy Layton
722,development-741,Hamilton
723,development-743,Longet
724,development-744,Jim Reeves
725,development-745,Republicans
726,development-746,Andrew ` Benji ' Veniamin
727,development-747,Michael F. Cergizan
728,development-748,r.  --  BC
729,development-749,Bingham
730,development-750,Yasuko questions Mieko about her intentions for her with
731,development-751,Madelyne
732,development-752,Scott
733,development-753,Dean
734,development-754,Lady Guo as princess dowager
735,development-755,Dr. Chakma
736,development-756,referee Jerry Markbreit
737,development-757,Theismann 's
738,development-758,"Influenced by actresses such as Vivien Leigh , Goldie Hawn and Kim Basinger , Jennifer"
739,development-759,Joe
740,development-761,Martha
741,development-762,Pedro
742,development-763,Avril Lavigne
743,development-764,Mary Roe Walkup
744,development-765,The Kovenant in 
745,development-766,Dudley
746,development-767,Francy Boland 's
747,development-768,Vysotsky 's
748,development-769,Sten
749,development-770,Samantha Sky Shelton -LRB- born  November  -RRB-
750,development-771,another old boy
751,development-772,Jefferson Davis
752,development-773,a genius
753,development-774,Stevie Cameron
754,development-775,Alderman Thomas Rigby
755,development-776,Westall
756,development-777,her coach
757,development-778,Helen
758,development-779,Austen 's
759,development-780,Reid
760,development-781,A neighbour of Ervine 's who was a member of the Ulster Defence Association -LRB- UDA -RRB- William Irvine
761,development-782,Yul Brynner
762,development-783,he
763,development-784,Harriet Smith
764,development-785,Moses
765,development-786,Mrs Tapili
766,development-787,Tish
767,development-788,Emperor Xuanzong
768,development-7891, Braun trained under the American painter William Merritt Chase -LRB- - -RRB-
769,development-790,John 's
770,development-791,Drucci
771,development-792,Berney
772,development-793,Cronin
773,development-794,Alexandra
774,development-795,Bridget
775,development-796,John Kelling -LRB- who had already represented the Waimea electorate in Parliament -RRB-
776,development-797,Margaret Parsons
777,development-798,The architect of the Cathedral
778,development-799,Vikings
779,development-800,Stokes
780,development-801,Haysbert
781,development-802,"Republican Senator John McCain of Arizona , who Khizr says was a hero to Humayun"
782,development-803,Hirsi Ali
783,development-804,She
784,development-805,Ibrahim Hooper
785,development-806,girlfriend Jane Asher 's
786,development-807,Evander
787,development-808,Kylie
788,development-809,Groom
789,development-810,a producer for NBC
790,development-811,writer Ken Kolb
791,development-812,Penny Unger
792,development-813,Andy Warhol
793,development-814,Toskala
794,development-816,Moose
795,development-817,Nero Wolfe
796,development-818,Agatha Christie
797,development-819,Beatrice
798,development-820,Ajay
799,development-821,Narayanan 's
800,development-822,Toledo
801,development-823,Castillo
802,development-824,Hollar
803,development-825,Grace Metalious
804,development-826,Lars Frederiksen
805,development-827,Laxman 's
806,development-828,Bourque
807,development-829,Earl
808,development-830,the King
809,development-831,Isabella
810,development-832,Lula da Silva
811,development-833,Fahey his first paying gig -- a weeklong engagement at Boston 's Odyssey Coffeehouse in the summer of ' 
812,development-834,Paul Frees
813,development-835,Kyle Busch
814,development-836,Klunk
815,development-837,Britney Spears
816,development-838,Shingo
817,development-839,Drama CD/PSP/anime
818,development-840,Geoff Goddard
819,development-841,Leonhard Felix Fuld
820,development-842,Hindemith
821,development-843,Lee
822,development-844,Eleanor
823,development-845,Angelica Kauffmann 's The Farewell of Abelard and H * lo
824,development-846,Vangelis
825,development-847,Stephenson
826,development-848,Hawkins
827,development-849,Dhavernas
828,development-850,Vanessa 's
829,development-851,General Foulois
830,development-852,Hitler 's
831,development-853,Landrieu in 
832,development-854,the librarianship of the Bodleian whilst fellow
833,development-855,Bonnie
834,development-856,"Sassoon , who was becoming influenced by Freudian psychoanalysis"
835,development-857,Wilson as an immediate advocate for supplying the mujahideen with Stinger missiles
836,development-858,Melissa Auf der Maur
837,development-859,Blue October drummer Jeremy Furstenfeld
838,development-860,Marguerite Feitlowitz
839,development-861,Duncan
840,development-862,Bachee * tche
841,development-863,Fernando Denis
842,development-864,Dan
843,development-865,Clay Tatum
844,development-866,"Bernard Osgood Koopman -LRB-  -- August  ,  -RRB-"
845,development-867,the eldest child to Eduardo Frei Montalva and Mar * a Ruiz-Tagle Jim * nez
846,development-868,Nicolas Perrenot de Granvelle -LRB- - -RRB-
847,development-869,Livingston
848,development-870,William `` Bill '' Rancic -LRB- / * r * nts
849,development-871,Raveena Joseph of The Hindu
850,development-872,Mouna Ragam
851,development-873,Mahm
852,development-874,H. Beam Piper : A Biography -LRB-  -RRB- * * * *
853,development-875,President Warren G. Harding
854,development-876,Leishman
855,development-877,Kathleen McKinnon
856,development-878,Zeki
857,development-879,Loew
858,development-880,Caruso
859,development-881,Colonel James C. Marshall
860,development-883,Jimmy Iovine
861,development-884,Dan Bailey
862,development-885,Hawkey
863,development-886,Vicki leaving
864,development-887,Michelle
865,development-888,Laura Elizabeth Pedersen
866,development-889,Brigadier General Harris Otadafevwerha Deodemise Eghagha
867,development-890,He
868,development-891,Jackson
869,development-892,The Stroescus
870,development-893,Gori
871,development-894,Maya
872,development-895,Vishnu
873,development-896,Derman
874,development-897,Pirkka-Pekka Petelius as Nils Lepist *
875,development-898,Kitty Empire of The Observer
876,development-900,Eddie
877,development-901,Pat Calder
878,development-902,Dickov
879,development-903,Emily
880,development-904,Emily
881,development-905,she
882,development-906,My Girl
883,development-907,Kabir Ali
884,development-908,Tushar Imran
885,development-909,Riadh Ben Aissa
886,development-910,John Hibbett DeWitt Jr.
887,development-911,Sergei Pakanich
888,development-912,veteran first baseman Doug Mientkiewicz to the Boston Red Sox and Morneau became the Twins ' starting first baseman
889,development-913,"William Landay -LRB- born  , in Boston , Massachusetts -RRB-"
890,development-915,Friederike
891,development-916,Another person who debuted
892,development-917,amicable
893,development-918,the central character
894,development-919,Jobson
895,development-920,State Senator Diane Watson
896,development-921,Slim Smith
897,development-922,Rick Pitino as a member of the staff of the National Basketball Association 's New York Knicks
898,development-923,Arturo
899,development-924,Stroll
900,development-925,"infant daughter Martha Johanna Winthrop in tow , Henry 's widow"
901,development-926,Writer Howard Weinstein
902,development-927,Cecil Calvert
903,development-928,Aikman 's
904,development-929,Don Pietro
905,development-930,Ralph Ellison 's
906,development-931,Dempsey
907,development-932,Morgan Spurlock
908,development-933,His father
909,development-934,Tate
910,development-935,the recently crowned beauty queen
911,development-936,Bernal 's
912,development-937,a better man than Brian
913,development-938,marked Johnson 's
914,development-939,Messier
915,development-940,Connie
916,development-941,his
917,development-942,Sor Juana
918,development-943,her
919,development-944,Rashaun Allen
920,development-945,Kristal
921,development-946,Al-Kind *
922,development-947,Steve Lawrence
923,development-948,Jill Parenteau
924,development-949,He
925,development-950,Boxx
926,development-951,Boxx
927,development-952,Croatian top model Tatjana Juri * fills the host role which Tyra Banks performed in the original series .
928,development-953,the Principal
929,development-954,Lance
930,development-955,The Christians of Quilon
931,development-956,a Major Grapper
932,development-957,Rodney Dillard
933,development-958,Keane
934,development-959,"Harold Orton -LRB- October  ,  -- March  ,  -RRB-"
935,development-960,co-author Kai Bird
936,development-961,Wynn
937,development-962,she
938,development-963,"Shirley Grossman in Philadelphia , Pennsylvania"
939,development-964,Warren
940,development-965,Merrill De Maris
941,development-966,the couple separated
942,development-967,the Easter Rising in 
943,development-968,Gina
944,development-969,Elizabeth Short a.k.a.
945,development-970,Deputy Sheriff Cam Riley
946,development-971,Candace Parker
947,development-972,Michael Dyche
948,development-973,Maria Ernestam
949,development-974,Arima
950,development-975,The puppet
951,development-976,the daughter of Isaac Henry-Anderson and Katherine Blyth
952,development-977,Her mother
953,development-978,Allen Lee Peng Fei
954,development-979,the Sorbonne
955,development-980,Bobby Roode
956,development-981,Corey Graves
957,development-982,Gomi
958,development-983,Chino 's
959,development-984,Jennifer
960,development-985,Denise
961,development-986,Batman
962,development-987,"Batman , Robin , Commissioner Gordon and Chief O'Hara interrogate King Tut as Harvey"
963,development-988,Shantaram
964,development-989,jockey Martin Garcia
965,development-990,Cynthia Brooke
966,development-991,Ryan Braun
967,development-992,Kristy Johnson
968,development-993,Henry
969,development-994,Kyunki 's
970,development-995,Grimes '
971,development-996,"Graf  --  ,  --"
972,development-997,Henry
973,development-998,"Christa Brittany Allen -LRB- born November  ,  -RRB-"
974,development-999,Maturinus
975,development-1000,James Jimmy Kidega -LRB- born  August  -RRB-
976,development-1001,Liv Ullmann
977,development-1002,Her mother
978,development-1003,Mary Bell
979,development-1004,he wife of former Governor of West Virginia John J. Jacob
980,development-1005,Pacquiao
981,development-1006,Horace
982,development-1007,Arulnithi as Tamizh Bindu Madhavi as Malar Ashrita Shetty as Isabella Bagavathi Perumal as Ramanujam Esakki Nassar as Hippy Lahiri M S
983,development-1008,Alice
984,development-1009,S.J. Emmanuel
985,development-1010,John McCarty
986,development-1011,anager Don Givens
987,development-1012,William de Alwis -LRB-  --  -RRB-
988,development-1013,she
989,development-1014,Zhang Fei
990,development-1015,Charles Spearman
991,development-1016,Lodoli
992,development-1017,Maya Karin
993,development-1018,Inter-league
994,development-1019,Kara
995,development-1020,Carol Merrill
996,development-1021,Moulay Muhammad
997,development-1022,Osborne 's
998,development-1023,She
999,development-1024,the Frisians
1000,development-1025,She
1001,development-1026,the daughter of Gladys Mae -LRB- Snell -RRB- and Victor Elliott Karnes
1002,development-1027,Yuichi
1003,development-1028,Yuichi
1004,development-1029,Noel McDade -LRB-  --  -RRB-
1005,development-1030,Brianne Gould as the character Brianna Ortiz
1006,development-1031,Amanda
1007,development-1032,Abraham 's brother
1008,development-1033,Suhasini Maniratnam -LRB- born  August  -RRB- known commonly as Suhasini
1009,development-1034,Pat Quinn
1010,development-1035,Neville
1011,development-1036,reporter Carlos Hurd -LRB- who helped write the birdlines -RRB-
1012,development-1037,Eliana
1013,development-1038,Chandran
1014,development-1039,a film student
1015,development-1040,She
1016,development-1041,Rosie
1017,development-1042,Clark
1018,development-1043,Isabella Beeton
1019,development-1044,her
1020,development-1045,"Perry , who wore number  as a Chicago Bear"
1021,development-1046,she
1022,development-1047,the whole family
1023,development-1049,Eostre 's
1024,development-1050,Unbeknown to her
1025,development-1052,Shaka 's
1026,development-1053,Sheena
1027,development-1054,Wilhelmina Vautrin
1028,development-1055,Mary Cassatt
1029,development-1056,Gloria Gaye 's All Girls Band
1030,development-1057,Joanna -LRB- also known as Juanna the Mad -RRB-
1031,development-1058,"Justin O'Mara Brown -LRB- born April  ,  in Fletcher , Oklahoma -RRB-"
1032,development-1059,"Dr. John Davies Jones of Washington , DC"
1033,development-1060,Beck
1034,development-1061,Daniel
1035,development-1062,Julie 's grandmother
1036,development-1063,Hill
1037,development-1064,quarterback Steve Bellisari
1038,development-1065,Putnam 's
1039,development-1066,Carlo 's own
1040,development-1067,Abbie
1041,development-1068,Jack 's grandfather
1042,development-1069,Joseph Priestley
1043,development-1070,Gaddafi
1044,development-1071,Wilma -LRB- along with Betty -RRB-
1045,development-1072,Jan
1046,development-1073,"BBC newsreader Jane Hill in Crawley , West Sussex"
1047,development-1074,"Henry Ponsonby to Sir Thomas Biddulph , another courtier"
1048,development-1075,Maicon
1049,development-1076,Budig the `` Real '' Greenlee
1050,development-1077,Essence Magazine Ana Perez
1051,development-1078,Hillary Clinton 's
1052,development-1079,Dave Roberts -LRB- James Murray -RRB-
1053,development-1080,Ruth Deller
1054,development-1081,She
1055,development-1082,Marina Yakhlakova
1056,development-1083,Hannah Davis
1057,development-1084,Sune
1058,development-1085,Hugues
1059,development-1086,"Cattle Annie -LRB- November  ,  - November  ,  -RRB-"
1060,development-1087,a member of the Fine Arts committee of the American Academy
1061,development-1088,your
1062,development-1090,Wallace
1063,development-1091,comedy rock musician Jonathan Coulton
1064,development-1092,Bruce 's
1065,development-1093,Duke Francesco Maria Della Rovere
1066,development-1094,"`` Dough/Ray/Me , Do/Re/Mi '' over and over during a long and climactic finale ``"
1067,development-1095,Stravinsky
1068,development-1096,Pierre Boulez
1069,development-1097,Gold
1070,development-1098,"Prince Ferdinand of Bourbon-Two Sicilies , Duke of Castro , a Bourbon prince and claimant to headship of the Royal House of the Two Sicilies , which was deposed in "
1071,development-1099,Kathleen Khloe McQueen
1072,development-1100,Myra
1073,development-1101,Palmer
1074,development-1102,Karitaake Tewaaki
1075,development-1103,His
1076,development-1104,William Fane de Salis
1077,development-1105,Democrats
1078,development-1106,the architect Lewis Nockalls Cottingham
1079,development-1107,Arch Hall Jr. as Tom Nelson Marilyn Manning as Roxy Miller Richard Kiel as Eegah Arch Hall Sr. as Robert Miller Clay Stearns as Band Member Bob Davis as George Deke Richards as Band Member Ron Shane as Detective Addalyn Pollitt
1080,development-1108,Lolotte
1081,development-1109,Joe
1082,development-1110,Mrs. Livingston 's
1083,development-1111,Jackson at : *
1084,development-1112,a real father
1085,development-1113,Rawhide stuntwoman Roxanne Tunis
1086,development-1114,Tania in 
1087,development-1115,"Monica Penders -LRB- b. February  ,  in Canberra , Australia -RRB-"
1088,development-1116,Jenny Clow
1089,development-1117,Lee Higgins
1090,development-1118,Maus
1091,development-1119,Tom
1092,development-1120,"Her adoptive paternal aunt , Lady Lilford"
1093,development-1121,the Roman official
1094,development-1122,Hirson
1095,development-1123,Annie
1096,development-1124,Terri Belford
1097,development-1125,Paul Fairclough
1098,development-1126,The eldest daughter of Rajah Gambang
1099,development-1127,Ben Bernanke
1100,development-1128,Matthews 's
1101,development-1129,McFarlane
1102,development-1130,Carl Muggleton 's
1103,development-1131,Louisa Yeomans
1104,development-1132,Sharky
1105,development-1133,Milutin 's grandson
1106,development-1134,Kate Beirness
1107,development-1135,Waller 's
1108,development-1136,her boyfriend
1109,development-1137,Noreen
1110,development-1138,Dolores
1111,development-1139,Madison
1112,development-1140,Amelia Isadora Platts
1113,development-1141,in a
1114,development-1142,Graham Riddick
1115,development-1143,Lynn
1116,development-1144,he other woman
1117,development-1145,Elizabeth Merrill of ESPN.com
1118,development-1146,New York Times writer Gerald Jonas
1119,development-1147,Stephanie
1120,development-1148,flight attendant Dolores Paley -LRB- Anjelica Huston -RRB-
1121,development-1149,Dolores
1122,development-1150,This niece
1123,development-1151,Stewart
1124,development-1152,Ruthie
1125,development-1153,Mary
1126,development-1154,Samuel
1127,development-1155,"Birmingham , Pepwell"
1128,development-1156,The Man of a Thousand Inversions
1129,development-1157,Peppermint Patty
1130,development-1158,Marcie
1131,development-1159,Arthur Leo Zagat
1132,development-1160,Jacob
1133,development-1161,Senator Hillary Clinton
1134,development-1164,a bad guy
1135,development-1165,detective Carlton Lassiter -LRB- Timothy Omundson -RRB-
1136,development-1166,a lyricist
1137,development-1167,Hamilton
1138,development-1168,the then manager Walter Smith
1139,development-1169,Ryan Packard
1140,development-1171,Virgil
1141,development-1172,Imlach
1142,development-1173,Rijssel
1143,development-1174,Luke :-
1144,development-1175,th Earl of Gloucester
1145,development-1176,Donaldson
1146,development-1177,Buddy Greco 's
1147,development-1178,Larry Louie
1148,development-1179,singer Phil Collins
1149,development-1180,Patrick Kelly
1150,development-1181,Charles Philip
1151,development-1182,Seeta
1152,development-1183,an ambitious mother
1153,development-1184,Walsmear 's
1154,development-1185,`` Dagworth '' -LRB- after the farm where he was born -RRB-
1155,development-1186,Derval
1156,development-1188,Arika Yumemiya
1157,development-1189,King Stephen
1158,development-1190,Mabern
1159,development-1191,Anne Vaux -LRB- c.  -- in or after  -RRB-
1160,development-1192,Lizzy Bdihi
1161,development-1193,Kwan
1162,development-1194,Annabelle Jaramillo
1163,development-1195,Lopes Cardoso
1164,development-1196,James McNeill
1165,development-1197,Agostino Brenzoni
1166,development-1198,Albert
1167,development-1199,Anita
1168,development-1200,The Blonde
1169,development-1201,McNair
1170,development-1202,anesthesiology at Massachusetts General Hospital
1171,development-1203,Matthew Vaughn 's
1172,development-1205,Philip Zelikow
1173,development-1206,Andrew Leon
1174,development-1207,Bailey
1175,development-1208,He
1176,development-1209,She
1177,development-1210,Lucy Hughes-Hallett
1178,development-1211,his
1179,development-1212,the son of Edwin Moffat and Aline Graves
1180,development-1213,Madonna
1181,development-1214,Tom Boonen
1182,development-1215,Alexis
1183,development-1216,Wilhelmina
1184,development-1217,Connor
1185,development-1218,Marc
1186,development-1219,Robert the Bruce
1187,development-1220,Laurie
1188,development-1221,Ellen
1189,development-1222,Lorraine -LRB- - -RRB-
1190,development-1223,Her
1191,development-1224,Mary Elizabeth McGlynn -LRB- the current voice of Kusanagi in the series -RRB-
1192,development-1225,Lorraine Kelly
1193,development-1226,Cena
1194,development-1227,Huws
1195,development-1228,his friend Aldous Huxley -LRB- another in this circle -RRB-
1196,development-1229,Edwards
1197,development-1230,Vanessa
1198,development-1231,Josef Kriehuber -LRB-  December  --  May  -RRB-
1199,development-1232,Krueger
1200,development-1233,She
1201,development-1234,Veronica
1202,development-1235,Rebecca James '
1203,development-1236,Skanderbeg
1204,development-1237,Anastasia -LRB- portrayed by Addison Holley -RRB-
1205,development-1238,Stephanie
1206,development-1239,Mabel
1207,development-1240,Captain Takeo Sasaki
1208,development-1241,His father Eugenio
1209,development-1242,her son
1210,development-1243,his
1211,development-1244,The Washington Post 's Grace Lichtenstein
1212,development-1245,Cynthia
1213,development-1246,Whall
1214,development-1247,Bruce
1215,development-1248,Susan 's mother
1216,development-1249,the Shanghai Masters
1217,development-1251,His son
1218,development-1252,President Banisadr
1219,development-1253,John Smith
1220,development-1254,Laura Bush
1221,development-1255,the Dido
1222,development-1256,Thomas Glenham
1223,development-1257,Floyd N. Jones
1224,development-1258,Cable Guy
1225,development-1259,Her
1226,development-1260,Bette Davis
1227,development-1261,William Harley
1228,development-1262,Gombell
1229,development-1263,Lee
1230,development-1264,Abed Gubi Nadir
1231,development-1265,Britta
1232,development-1266,Annie
1233,development-1267,She
1234,development-1268,Linda Robson
1235,development-1269,Landrith as one of the new players that could help the  Reds be a success
1236,development-1270,actress Marjorie `` Ma Kettle '' Main
1237,development-1271,Otto
1238,development-1272,Necciai
1239,development-1273,"Jocelin at first remained with the king , but after the excommunication of John in late "
1240,development-1274,Dickey
1241,development-1275,JJ Babu
1242,development-1276,Walter Brown -LRB- August  -- June  -RRB-
1243,development-1277,George Sherwood Hume
1244,development-1278,wenthal 's
1245,development-1279,Journalist Irvin S. Cobb
1246,development-1280,Crawford
1247,development-1282,Lemhouse
1248,development-1283,Grosso Arvore
1249,development-1284,Big Kenny 's
1250,development-1285,Siri
1251,development-1286,Brightman
1252,development-1287,Elizabeth
1253,development-1288,Bass
1254,development-1289,Mrs. Garrity
1255,development-1291,Patsy Kelly
1256,development-1292,Actor Rainn Wilson
1257,development-1293,Yvette Fielding
1258,development-1294,Hurley
1259,development-1295,Jackson
1260,development-1296,Sam
1261,development-1297,"P.A. , -LRB- Hodgson -RRB-"
1262,development-1298,Supreme Court Justice Samuel Alito
1263,development-1299,Jakac
1264,development-1300,`` Steel Framed ''
1265,development-1301,Karthika
1266,development-1302,Allen 's
1267,development-1303,James Havard -LRB- born  -RRB-
1268,development-1304,Catelyn 's
1269,development-1305,Ned
1270,development-1306,Robert Grosteste
1271,development-1307,"Phil Esposito , who had recently become part owner of the expansion Tampa Bay Lightning was quoted as saying about the incident : `` I did n't just pay $  million for Bernie Wolfe ."
1272,development-1308,Merritt
1273,development-1309,his first wife
1274,development-1310,Switzerland 's former coach
1275,development-1311,Martin Mayhew
1276,development-1312,Omlie
1277,development-1313,Anna
1278,development-1314,her son 's
1279,development-1315,Nathan-Turner 's
1280,development-1316,Orwen
1281,development-1317,Dr. Mark Norell of misinterpreting the fossil BPM  - as having long leg feathers due to the `` blinding influences of preconceived ideas
1282,development-1318,Jerry
1283,development-1319,Isabelle
1284,development-1320,Geoffrey Mutai
1285,development-1321,Shirley
1286,development-1322,O.J. Simpson 's
1287,development-1323,Rogers '
1288,development-1324,Merian
1289,development-1325,Sylvia Mary Montgomery
1290,development-1326,Georgina
1291,development-1327,She
1292,development-1328,Yentl
1293,development-1329,Anna Domino -LRB- born Anna Virginia Taylor -RRB-
1294,development-1330,his friend Casey Bledsoe -LRB- Mark Griffin -RRB-
1295,development-1331,Gabriel Lalemant
1296,development-1332,her partner
1297,development-1333,Alexis Castle
1298,development-1334,Hedberg
1299,development-1335,Sara
1300,development-1336,Heffron
1301,development-1337,author of Mayurasandesa
1302,development-1338,Tina
1303,development-1339,"young , idealistic scientist Tom Cable"
1304,development-1340,Feuerman
1305,development-1341,Malcolm Mitchell Young -LRB- born  January  -RRB-
1306,development-1342,Ream
1307,development-1343,Halime Sultan
1308,development-1344,he
1309,development-1345,Sally
1310,development-1346,Rowell
1311,development-1347,Film Editor Richard Currier
1312,development-1348,Madonna
1313,development-1349,Mrs Bassat
1314,development-1350,Geri
1315,development-1351,Geri
1316,development-1352,the reader
1317,development-1354,Blaine
1318,development-1355,the famous stage performer Kate Maxwell -LRB- O'Hara -RRB-
1319,development-1356,Farah on the other hand
1320,development-1357,Yasmeen
1321,development-1358,Martha
1322,development-1359,his adoptive brother David G. Farragut
1323,development-1360,Mroz
1324,development-1361,Doreen
1325,development-1362,Sonya
1326,development-1363,Richard
1327,development-1364,Williamson
1328,development-1365,Baron Strucker
1329,development-1366,Steve Dunne
1330,development-1367,Helen
1331,development-1368,Dean of Arts
1332,development-1369,Cowling
1333,development-1370,Ian Law who held a splinter claim to the British Middleweight Championship at the time -LRB- the main lineage being held by Brian ` Goldbelt ' Maxine -RRB-
1334,development-1371,Isenberg
1335,development-1372,Ferguson
1336,development-1373,"Felicia Rudolphina Scatcherd -LRB-  -- March  ,  -RRB-"
1337,development-1374,"Kweisi Mfume , a name"
1338,development-1375,her lover
1339,development-1376,The next day Erica
1340,development-1377,Lincoln
1341,development-1378,Nina Gordon
1342,development-1379,Kawee
1343,development-1380,Elizabeth Paepcke
1344,development-1381,Jerry Levitan in 
1345,development-1382,he
1346,development-1383,Hornby
1347,development-1384,Catholic
1348,development-1385,Kenny 's
1349,development-1386,fl. s -- 
1350,development-1388,Lewis ' biggest rival
1351,development-1389,The Gipper
1352,development-1391,Viktor Rydberg
1353,development-1392,Charlotte Bront
1354,development-1393,Colin 's
1355,development-1394,his wife Alexandra Ivanovna -LRB- d.  -RRB-
1356,development-1395,Maria 's
1357,development-1396,Anna Komnene
1358,development-1397,Alzheimer 's
1359,development-1398,Ed Gibson
1360,development-1399,Laurie
1361,development-1400,Kristin Hersh
1362,development-1401,"Alicia de Larrocha '' at Cultural Center Spazio Aperto , Bellinzona"
1363,development-1402,Andy he does n't smoke
1364,development-1403,housewife 's
1365,development-1404,Gaul
1366,development-1405,The Real Linda Lovelace
1367,development-1406,a commander of a cavalry brigade
1368,development-1407,the EFL Championship Player of the Month award
1369,development-1408,Antill
1370,development-1409,Laura Drummond
1371,development-1410,His family
1372,development-1411,Mitali 's
1373,development-1412,Purdy
1374,development-1413,Eisenhower 's
1375,development-1414,Leon
1376,development-1415,Elizabeth by his kindness and courtesy
1377,development-1416,Charles Babbage
1378,development-1417,he
1379,development-1418,"David Dunn -LRB- January  ,  February  ,  -RRB-"
1380,development-1419,William J. Wallace 's
1381,development-1420,Laming 's
1382,development-1421,Hetty
1383,development-1422,The new king
1384,development-1423,Childress 's
1385,development-1424,longtime associate Henry Hill
1386,development-1425,many of the aristocrats of the Austrian Empire
1387,development-1426,"Amalia of Cleves -LRB- German : Amalia von Kleve-J * lich-Berg -RRB- -LRB-  October  , D * sseldorf --  March  , D * sseldorf -RRB-"
1388,development-1427,many of the horsemen involved in Thoroughbred racing today
1389,development-1428,Dudley 's
1390,development-1429,Dumanis
1391,development-1430,Rita
1392,development-1431,Howard Felsher
1393,development-1432,"Mikhaylov had become the , * m world record holder"
1394,development-1433,Harry
1395,development-1434,his
1396,development-1435,Barbara
1397,development-1436,de la Section d'Or in 
1398,development-1437,Her niece Princess Emma of Waldeck and Pyrmont -LRB-  August  --  March  -RRB-
1399,development-1438,Francisco Alvares
1400,development-1439,a descendant of Monckton Synnot
1401,development-1440,Jose Montero y Vidal
1402,development-1441,Joan Baez 's `` Girl of Constant Sorrow ''
1403,development-1442,Buchan 's
1404,development-1443,Jim Ross
1405,development-1444,ular singer Jay Chou
1406,development-1445,Elizabeth Deveraux
1407,development-1446,"the grand niece of the soprano Ivonne Haza and great-great-great-granddaughter of the poet and hero of the Restoration War , Manuel Rodr * guez Obj * o"
1408,development-1447,Judge Winslow 's older sister
1409,development-1448,His
1410,development-1449,Jeri
1411,development-1450,his
1412,development-1451,Gallagher 's
1413,development-1452,Producer Avi Arad
1414,development-1453,Tolsma
1415,development-1454,Corchia
1416,development-1455,Louise Sauvage
1417,development-1456,Linda Cropper
1418,development-1457,Burton Cummings
1419,development-1458,Dorothy Anne Dodd
1420,development-1459,Binder 's
1421,development-1460,Felix
1422,development-1461,Paul
1423,development-1462,Peter
1424,development-1463,Kiely
1425,development-1464,"Some of Morton 's songs -LRB- listed alphabetically -RRB- : * * * Several of Morton 's compositions were musical tributes to himself , including `` Winin ' Boy '' , `` The Jelly Roll Blues '' , subtitled `` The Original Jelly-Roll '' , and `` Mr. Jelly Lord '' ."
1426,development-1465,Virago in its early years
1427,development-1466,Frankie Valli
1428,development-1467,Kitami
1429,development-1468,Redmond 's
1430,development-1469,Brokesby
1431,development-1470,Buffie 's
1432,development-1471,singer Akiko Yano
1433,development-1472,Bradley
1434,development-1473,Moyne
1435,development-1474,Maggie
1436,development-1475,Maggie
1437,development-1476,"Nicholas E. Gonner -LRB- - -RRB- , a Catholic immigrant from Pfaffenthal in Luxembourg"
1438,development-1477,"http://www.jerryholland.com/discolist.htm He published two collections of fiddle tunes : Jerry Holland 's Collection of Fiddle Tunes and Jerry Holland 's Second Collection of Fiddle Tunes , both edited by Paul Cranford ."
1439,development-1478,Odette
1440,development-1479,Odette
1441,development-1480,Eisenhower
1442,development-1481,Anish
1443,development-1482,Shaina
1444,development-1483,Richard Goss
1445,development-1484,Sarah Jane as a child abductor
1446,development-1485,Clyde
1447,development-1486,Sarah Jane
1448,development-1487,Louise Homer
1449,development-1488,Peter Cetera
1450,development-1489,Edgar
1451,development-1490,Ron Barclay
1452,development-1491,Farquharson 's thoracic medicine specialist Chris Steinfort
1453,development-1492,CEO Charles Aperia
1454,development-1493,Palmore 's
1455,development-1494,"The daughter of a Mr. McDonagh and a Ms. McGreal , Mary"
1456,development-1495,Smythe
1457,development-1496,Susie
1458,development-1497,Rockov
1459,development-1498,Mr Telford
1460,development-1499,Henry Byron
1461,development-1500,Shakespeare
1462,development-1501,Yahya Goba
1463,development-1502,Nixon 's
1464,development-1503,M. de Ruvigny
1465,development-1504,"Tanisha -LRB- ; born Tanisha Mukherjee on  January  in Mumbai , India -RRB- , also known as Tanisha"
1466,development-1505,Vermont Congressman Peter Welch
1467,development-1506,Secter 's nephew
1468,development-1507,Johanna Elisabeth -LRB-  October  --  July  -RRB-
1469,development-1508,Mosconi
1470,development-1509,James Smith Forbes and Reginald Fairlie in a competition
1471,development-1510,Mayada Ashraf
1472,development-1511,Claudius Pompeianus -LRB- a Syrian -RRB- who married Marcus Aurelius ' daughter Lucilla following the death of Lucius Verus
1473,development-1512,Jorge Rivero
1474,development-1513,Anakin
1475,development-1514,Jude Watson about Obi-Wan Kenobi
1476,development-1515,Compton
1477,development-1516,Michael 's
1478,development-1517,The surveyor
1479,development-1518,politician and physician Henry P. H. Bromwell
1480,development-1519,Lauro
1481,development-1520,the upcoming release Dragonology
1482,development-1521,James Carter of New York
1483,development-1522,Shkreli
1484,development-1523,Hannah More
1485,development-1524,Anne
1486,development-1525,Generalul Victor Catan
1487,development-1526,Carl Alexander Clerck -LRB-  --  July  -RRB-
1488,development-1527,an actor
1489,development-1528,Arabella
1490,development-1529,Tia Dalma - A powerful voodoo priestess and old acquaintance of Jack Sparrow .
1491,development-1531,Terry
1492,development-1532,Bruce
1493,development-1533,Erlewine
1494,development-1534,Abraham
1495,development-1535,the young wife
1496,development-1536,"Eduard Heinrich Henoch -LRB-  --  -RRB- , a German pediatrician -LRB- nephew of Moritz Heinrich Romberg -RRB-"
1497,development-1538,an average person like you
1498,development-1539,Raju
1499,development-1540,Raju
1500,development-1541,Bilal 's
1501,development-1542,Manapat
1502,development-1543,Timbilil
1503,development-1544,Godfrey
1504,development-1545,Asma Jahangir
1505,development-1546,Norman
1506,development-1547,Todd when he detects her silence
1507,development-1548,Chiang
1508,development-1549,"`` Kimberly '' -- were inspired by moments with members of Smith 's family , while others -- `` Break It Up '' , `` Elegie '' --"
1509,development-1550,Fengler
1510,development-1551,Schuyler Jessica 's
1511,development-1552,Ramya 's
1512,development-1553,Martin
1513,development-1554,Piero Dusio
1514,development-1555,Lily
1515,development-1556,Lily
1516,development-1557,Superman
1517,development-1558,another partner
1518,development-1559,Steve Jobs
1519,development-1560,he
1520,development-1561,his contemporary
1521,development-1562,Emma Frost : Emma 's secondary mutation activated in the midst of the bombing of Genosha by Cassandra Nova 's wild Mega-Sentinels .
1522,development-1563,Dutton
1523,development-1564,Mona -LRB- Janel Parrish -RRB-
1524,development-1565,Jervis
1525,development-1566,Ken
1526,development-1567,Stibor
1527,development-1568,Osborn 's Iron Patriot 's
1528,development-1569,Budweiser `` Buddy '' Wickersham -LRB- voiced by Andrew Francis -RRB- - Brock 's younger brother who is also a bully .
1529,development-1570,Carly McKillip
1530,development-1572,Jerome
1531,development-1573,his
1532,development-1574,Hunter
1533,development-1575,Tommy Vesey -LRB- William Hurt -RRB-
1534,development-1576,Thorpe
1535,development-1577,Governor James E. McGreevey
1536,development-1578,Anton Bruckner
1537,development-1579,Emma Laine for both titles
1538,development-1580,Millie 's
1539,development-1581,Endean
1540,development-1582,Shahid Afridi
1541,development-1583,Hagrold
1542,development-1584,the fifth man
1543,development-1585,the baby 's
1544,development-1586,Josephine Byers
1545,development-1587,nf Minuten Amerika
1546,development-1588,Phyllis Chamberlin -LRB- season  -RRB-
1547,development-1589,Janet
1548,development-1590,Don Revie
1549,development-1591,Morgan for bashing Simon Raven to death in Sydney on  October 
1550,development-1592,Rosas
1551,development-1593,McGown
1552,development-1594,her
1553,development-1595,the second Wei emperor
1554,development-1596,"His father , the owner of an appliance store and record shop"
1555,development-1597,Cappie Pondexter 's
1556,development-1598,General manager Brian Cashman
1557,development-1599,Nancy
1558,development-1600,Nancy
1559,development-1601,Debra Lawrance
1560,development-1602,the last time Amy
1561,development-1603,Esme
1562,development-1604,A young actor
1563,development-1605,John Dryden
1564,development-1606,Army Chief of Staff General Gordon R. Sullivan
1565,development-1607,Dalton
1566,development-1608,Jack Kroll
1567,development-1609,Lesia Tsurenko
1568,development-1610,Charles Jr. -LRB- c.  --  -RRB-
1569,development-1611,Judge John Howard Ferguson
1570,development-1612,Kelly
1571,development-1613,Ussher
1572,development-1614,Ida Cook
1573,development-1615,Lazar
1574,development-1616,Heiberg
1575,development-1617,Delgado
1576,development-1618,Charles E. Dibble
1577,development-1619,George Halford
1578,development-1620,Annalise Hartman -LRB- Kimberley Davies -RRB-
1579,development-1621,Cheryl
1580,development-1622,Oruche
1581,development-1623,Gabby
1582,development-1624,Justine Olsen
1583,development-1625,Rita Angus
1584,development-1626,#  Fukuyama Sakura
1585,development-1627,Kate
1586,development-1628,Salonga
1587,development-1629,Fenn
1588,development-1630,Johnson 's
1589,development-1631,Ronald Mailhot
1590,development-1632,he
1591,development-1633,Debbie
1592,development-1634,Mo and Tre
1593,development-1635,Moina
1594,development-1636,Banerjee
1595,development-1637,Jack Burns
1596,development-1638,Lauren Lake
1597,development-1639,Isidore
1598,development-1640,Nicki French
1599,development-1641,Idolator
1600,development-1642,Elena Blaramberg
1601,development-1643,Yawara
1602,development-1644,Kyon-kyon
1603,development-1645,Louise
1604,development-1646,the younger sister of Spencer Pratt
1605,development-1647,"Lady Xun -LRB- * , personal name unknown -RRB- -LRB- died  -RRB-"
1606,development-1648,Inge Dekker
1607,development-1649,Janelle
1608,development-1650,Brianna Denison 's
1609,development-1651,Ashford
1610,development-1652,Ruth
1611,development-1653,Angela for breaking one of his mother 's wine glasses
1612,development-1654,Elizabeth
1613,development-1655,Russian : ***** ************* **** ; born  June  in Langepas
1614,development-1656,Arvidsson
1615,development-1657,Judy
1616,development-1658,Tanya
1617,development-1659,Donna
1618,development-1660,Austen
1619,development-1661,Maryse
1620,development-1662,Julia
1621,development-1663,Fujii her first professional defeat
1622,development-1664,Mary Warren
1623,development-1665,Millie
1624,development-1666,Backenecker
1625,development-1667,Sylvia Kay
1626,development-1668,the academies of Breda and T * bingen
1627,development-1669,She
1628,development-1670,Kate Jackson
1629,development-1671,a half-sister of Martha Wayles Jefferson
1630,development-1672,Kara DioGuardi
1631,development-1673,Lois Maxwell 's
1632,development-1674,Jenny
1633,development-1675,Ellen 's
1634,development-1676,Jerrica Benton
1635,development-1677,Abby 's
1636,development-1678,Daisy
1637,development-1679,the heroine
1638,development-1680,Janet Beaton 's
1639,development-1682,Polly
1640,development-1683,She
1641,development-1684,Samantha Fox
1642,development-1685,"Momentum , a Sydney based social marketing and communications consultancy working on projects for National Geographic Society , Qantas and Harpo Productions , and managed the media and publicity for Oprah Winfrey 's tour of Australia in "
1643,development-1687,Family
1644,development-1688,Susan King
1645,development-1689,Meghan
1646,development-1690,Agatha Christie
1647,development-1691,The English Quaker and pacifist Priscilla Hannah Peckover
1648,development-1692,She
1649,development-1693,Nancy Langat
1650,development-1694,she
1651,development-1695,the actress playing the Queen
1652,development-1696,Zoe
1653,development-1697,Michelle
1654,development-1698,her
1655,development-1699,her
1656,development-1701,"Sarala , an extremely bright girl , who did not know a word of Hindi had to learn all dialogues by heart but ultimately acted so well many critics"
1657,development-1702,Kathy Boyle -LRB- born  -RRB-
1658,development-1703,opera singer
1659,development-1704,Natalya
1660,development-1705,WSU/NWS
1661,development-1706,Marie
1662,development-1707,later Anne
1663,development-1708,Leslie himself
1664,development-1709,Dan Shaughnessy
1665,development-1711,Ann Sui
1666,development-1712,Karen
1667,development-1713,a pensionado to the United States
1668,development-1714,Vanderpump 's
1669,development-1715,"A young girl , Carol"
1670,development-1716,Hannah Davis
1671,development-1717,Queen Dowager Catherine
1672,development-1718,Juliet Asante
1673,development-1719,Sigismund 's daughter
1674,development-1720,Emily 's
1675,development-1721,Moolah
1676,development-1722,"Kushi -LRB- Radhika Pandit -RRB- , Pratham -LRB- Tarun -RRB-"
1677,development-1723,Recueil des Historiens des Croisades
1678,development-1724,another of his sporting challenges
1679,development-1726,Diane
1680,development-1727,Maeve Alexander -LRB- born Maev Alexandra Reid McConnell on  February  -RRB-
1681,development-1728,Klara
1682,development-1729,Martha -LRB- Hylton -RRB- that she needs a long holiday to recapture her creative inspiration
1683,development-1730,the m and m at the European Athletics Championships
1684,development-1731,Golonka
1685,development-1732,Edith Cummings
1686,development-1733,Victoria
1687,development-1734,Winspear
1688,development-1735,Winspear
1689,development-1736,His widow
1690,development-1737,Sarah Doukas of the Storm Model Agency
1691,development-1738,the daughter of Joan Lois Coburn
1692,development-1739,Alexandra Byrne
1693,development-1740,Margaret 's daughter
1694,development-1741,Ukrainian Zhanna Pintusevich-Block
1695,development-1742,rd
1696,development-1743,Factor contestant Maria Lawson
1697,development-1744,Trankov
1698,development-1745,Thomasine -LRB- born  -RRB- Dorothy -LRB- born  -RRB- Arabella -LRB- born about  -RRB-
1699,development-1747,Lady Mary Butler -LRB- died  -RRB-
1700,development-1748,Nussbaum
1701,development-1749,Deanna
1702,development-1750," Skipworth toured with Viola Allen in three productions of Shakespeare , Cymbeline , Twelfth Night , and As You Like It"
1703,development-1751,CoverGirl
1704,development-1752,Many of Cinoman 's plays
1705,development-1753,She
1706,development-1754,she
1707,development-1755,the daughter of physicist Vazha Pruidze and chemist Aida Dzvelaia
1708,development-1756,her
1709,development-1757,Georgia O'Keeffe
1710,development-1758,Olympic
1711,development-1759,Nefertiti -LRB- wife of Akhenaten -RRB-
1712,development-1760,Carly 's
1713,development-1761,his absence Carly momentarily
1714,development-1762,Heidi
1715,development-1763,Kate Greenaway
1716,development-1764,Princess Sophie
1717,development-1765,Isabelle Grossman -LRB- Amy Irving -RRB-
1718,development-1766,Marcia Cross
1719,development-1767,Joan Poynings
1720,development-1768,Chelsea Green
1721,development-1769,She
1722,development-1770,Ann Schongalla
1723,development-1771,Maria Franklin
1724,development-1772,Beatrice d'Este
1725,development-1773,Sarah 's
1726,development-1775,She
1727,development-1776,Jane
1728,development-1777,Alice 's mother
1729,development-1778,Anne
1730,development-1779,J.R.
1731,development-1780,Jeanine Basinger -LRB- born  February  -RRB-
1732,development-1781,Vangsness
1733,development-1782,Terri Windling
1734,development-1783,Mohs
1735,development-1784,Anita Ekberg
1736,development-1785,Harriet Housel
1737,development-1786,"mother of Erik , Sjoerd , and Peter Vollebregt , all candidates for the  Olympic sailing event"
1738,development-1787,Ms Gurney
1739,development-1788,Madhu
1740,development-1789,his first wife
1741,development-1790,You
1742,development-1791,Edith Somerville
1743,development-1792,Ellen Key
1744,development-1793,Snow White
1745,development-1794,Queen
1746,development-1795,She
1747,development-1796,Maripol
1748,development-1797,Madonna
1749,development-1799,"Her co-star from Sunday in the Park with George , Mandy Patinkin"
1750,development-1800,Lydia
1751,development-1801,Sieppe
1752,development-1802,Shana during the period of time
1753,development-1803,her
1754,development-1804,Jane Seymour
1755,development-1805,Tracey Gold
1756,development-1806,Zofia 's
1757,development-1807,Golovin
1758,development-1808,Linda Atkinson
1759,development-1809,Nicole Thorne
1760,development-1810,supermodel Kate Moss
1761,development-1811,Carol 's mother Betty Trussell
1762,development-1812,Althea
1763,development-1813,Caroline
1764,development-1814,you
1765,development-1815,Vivienne
1766,development-1816,Kay Thompson
1767,development-1817,Louise
1768,development-1818,Bessie Smith
1769,development-1819,Madonna
1770,development-1820,Michelle Branch -LRB- center -RRB- during a June  concert with Jessica Harp -LRB- right -RRB- as The Wreckers .
1771,development-1821,Anne Gascoigne
1772,development-1823,Marge
1773,development-1824,`` Woman of Labrador ; The Elizabeth Goudie Story ''
1774,development-1825,Bonnie
1775,development-1826,Jill Bennett
1776,development-1827,Diana
1777,development-1828,Irene
1778,development-1829,she
1779,development-1830,Mathilde
1780,development-1831,Madge Bellamy
1781,development-1832,Ahn
1782,development-1833,Her
1783,development-1834,Louisa Ulrika in 
1784,development-1835,slowed-down
1785,development-1836,"Sanya Lopez -LRB- born August  ,  at Nagcarlan , Laguna , Philippines -RRB-"
1786,development-1837,Drew Barrymore
1787,development-1838,Susan Boyle as a joke
1788,development-1839,Speier
1789,development-1840,Livsey
1790,development-1841,She
1791,development-1842,Tanasugarn
1792,development-1843,Lady Paget before her marriage
1793,development-1844,Helena
1794,development-1845,Emilia Pia
1795,development-1846,Julia with an offer
1796,development-1847,Delysia
1797,development-1848,she
1798,development-1849,"Kerri Kenney in Westport , Connecticut , the daughter of Sharon -LRB- McGaughey -RRB- and Larry Kenney , an actor who is known for his classic voice-over work"
1799,development-1850,She
1800,development-1851,"Her sister , Charmaine"
1801,development-1852,a teacher
1802,development-1853,her family
1803,development-1854,Audrey
1804,development-1855,Margaret Singer
1805,development-1856,his wife
1806,development-1857,his wife
1807,development-1858,Aimee Mann
1808,development-1859,Rita
1809,development-1860,Helen Reddy
1810,development-1861,Julie
1811,development-1862,Geena Davis in the TV show Sara
1812,development-1863,"Hester Baldwin on June  , "
1813,development-1864,Melina
1814,development-1865,Harriet Candace `` Rose
1815,development-1866,Ursula Andress
1816,development-1867,Writer Kate Lock
1817,development-1868,Carmen 's
1818,development-1869,Pauline
1819,development-1870,Madeline Albright
1820,development-1871,Angela McLean
1821,development-1872,Jemima Shore
1822,development-1873,Lindy Robbins
1823,development-1874,Stacey
1824,development-1875,Gillard
1825,development-1876,Carol Fox
1826,development-1877,Claudia Card
1827,development-1878,"eventual runner-up Conchita Mart * nez ,  --  -LRB-  -RRB- ,  -- "
1828,development-1879,Amy Lewis
1829,development-1880,Frida Leider
1830,development-1881,Sonja Henie
1831,development-1882,Helga
1832,development-1883,Eugen -LRB-  -RRB-
1833,development-1884,"Lily Elise -LRB- born February  ,  -RRB-"
1834,development-1885,Vanitha
1835,development-1886,Osterman combined with Anjelica Selden of the UCLA Bruins to strike out  batters in an -inning
1836,development-1887,Katherine Cross of Gamasutra
1837,development-1888,Janet
1838,development-1889,a fellow college student
1839,development-1890,Franklin
1840,development-1891,Mauceri
1841,development-1892,"Audrey Marlene Brown in Dutton , Ontario , the daughter of Margaret Clark and William Brown , of Scottish and English descent"
1842,development-1893,Carol Lasser
1843,development-1894,Susannah Clapp of The Guardian
1844,development-1895,Jane `` Jennie
1845,development-1896,ne dansante
1846,development-1897,Russian coach Ludmila Velikova
1847,development-1899,Delphine LaLaurie -LRB- Kathy Bates -RRB-
1848,development-1900,Germany 's Gabriella Brum
1849,development-1902,her mother
1850,development-1903,Holly Hathorn
1851,development-1905,Vani
1852,development-1906,Vani
1853,development-1908,Rainer Maria Rilke
1854,development-1909,Sarah Glasscock included her parents
1855,development-1910,Tancy 's
1856,development-1911,Wozniacki
1857,development-1912,Karen Clark-Sheard
1858,development-1914,he spinster teacher Katherine Brooke
1859,development-1915,Nichole Hiltz
1860,development-1916,Susan Vandom
1861,development-1917,Lucy
1862,development-1918,Anne
1863,development-1919,her
1864,development-1920,Cheryl
1865,development-1921,Danni
1866,development-1922,Nellie Poulett-Harris
1867,development-1923,These victims
1868,development-1924,Emily
1869,development-1925,Her
1870,development-1926,"Heather , who is staying with Minty"
1871,development-1927,Ms. Gordon
1872,development-1928,"Gleitman -LRB-  -RRB- counters Pinker 's ideas by asserting that context is insufficient to supply word meaning , as a single context can allow for multiple interpretations of an uttered sentence ."
1873,development-1929,"Nikki Tranter of PopMatters , the song `` details exactly what"
1874,development-1930,ITV 's
1875,development-1931,Mary of York -LRB-  August  --  May  -RRB-
1876,development-1932,his future wife
1877,development-1933,Her
1878,development-1934,Mary Magdalene
1879,development-1935,Nellie
1880,development-1936,Hasidic
1881,development-1937,history Phyllis Thede
1882,development-1938,Princess Amentia
1883,development-1939,Justine Henin 's
1884,development-1940,Aisha Potty
1885,development-1941,th
1886,development-1942,th
1887,development-1943,Anjali Menon
1888,development-1944,Claire
1889,development-1945,Ellen 's sister Julia Anne
1890,development-1946,their friend
1891,development-1947,Emily Birrell
1892,development-1948,Charlene
1893,development-1949,Arina Charopa
1894,development-1950,Staniouta
1895,development-1951,p. 
1896,development-1952,Lily Allen
1897,development-1953,Here
1898,development-1954,Joanne
1899,development-1955,his family
1900,development-1956,her twin sister
1901,development-1957,Parton-penned
1902,development-1958,Erin
1903,development-1960,Fey 's
1904,development-1961,"Mrs , Waller"
1905,development-1962,Peggy
1906,development-1963,Stacey
1907,development-1964,"Chelsea Hobbs -LRB- born Chelsea Raelle Hobbs ; February  ,  -RRB-"
1908,development-1965,Karen Rolton
1909,development-1966,A petrified Miss Trunchbull
1910,development-1967,Matilda
1911,development-1968,Caroline Garcia
1912,development-1969,Maria
1913,development-1970,the character of the Doctor in the Eighth Doctor Adventures
1914,development-1971,Natasha
1915,development-1972,Sarah-Jane Crawford
1916,development-1973,Joanna Heffernan
1917,development-1974,Brooke 's
1918,development-1975,"her older sister Sofia Vasa , who was described as the most unhappy of the children of Gustav Vasa"
1919,development-1976,"Madeline Hatter -LRB- voiced by Cindy Robinson -RRB- -- The daughter of the Mad Hatter from Alice 's Adventures in Wonderland , Maddie is Raven 's best friend ."
1920,development-1977,Amy
1921,development-1978,Jacky
1922,development-1979,Lorelei Lee
1923,development-1980,Haiduk
1924,development-1982,Angela 's sister
1925,development-1983,Mrs Edith Weston
1926,development-1984,Lady Elizabeth
1927,development-1985,Biddall 's former Hollyoaks cast-mate Zoe Lister -LRB- Zoe Carpenter -RRB-
1928,development-1986,Her
1929,development-1987,Hannah
1930,development-1989,Lily 's
1931,development-1990,Thea Musgrave
1932,development-1991,Marianne
1933,development-1992,Lucy
1934,development-1993,Jenny
1935,development-1994,Bashkirtseff
1936,development-1995,Linda Eder
1937,development-1996,a concerned Nicole
1938,development-1997,the oldest of two daughters
1939,development-1998,Maria
1940,development-1999,Suzanne Bartsch
1941,development-2000,Elizabeth
