,0
0,development-1Phoebe Thomas
1,development-2MacKenzie
2,development-3Governor Angeloz
3,development-5Kitty Oppenheimer
4,development-6Sandra Collins
5,development-7Reb Asher 's brother
6,"development-8Greg Kot of the Chicago Tribune perceived `` formula production and hack songwriting '' , but complimented Pink 's personality and its `` handful '' of worthy tracks ."
7,development-9Mary
8,development-10Christina Jennings
9,development-11David Onley
10,development-12Eleanor
11,development-13Mary Helen Moses
12,development-14Kazuki Nakajima
13,development-15Maria 's mother
14,development-16McCulloch
15,development-17Maurice
16,development-18his
17,development-19Justin at the Beatdown
18,development-20Ramsey 's
19,development-21Mike Stewart for more than 15 years
20,development-22Kurt
21,development-23Magee
22,development-24Maggie Anderson
23,development-25Margaret Bell
24,development-26Michael Billington in The Guardian
25,development-27Beth
26,development-28The victim
27,development-29MMA fighter Eddie Alvarez with a record of 22 wins and 2 losses
28,development-30Paul
29,development-31Nicholas Rogers as Tarabas role
30,development-32the Black Witch
31,development-33Elsie and Steve Tanner on their wedding day
32,development-34she
33,development-35Bobby Peacock of Roughstock
34,development-36Cromwell 's
35,development-37his brother Cornelis
36,development-38Roberta Reid
37,development-39Andreev
38,development-40a Democrat
39,development-41Karl Philipp
40,development-42the Conservatives
41,development-43's
42,development-44Paola
43,development-45Felicity Dean 's Carol Ann
44,development-47her grandmother
45,development-48a conservative lesbian African American
46,development-49his 2nd wife
47,development-50Rusty Magee to a libretto
48,development-51a
49,development-52Dr. Carly Manning
50,development-53her
51,development-54Lorenzo Rubini
52,"development-55A one-time student under Felix Weingartner and former violinist with the Hall * , Rees"
53,"development-56the May Frere at port of Bhavnagar , Colonel Barton -LRB- the political Agent -RRB-"
54,development-57director Sophie Consagra
55,development-58Alleway
56,development-59Frank 's
57,development-60Lindsay
58,"development-61Matthew 12:40 , 27:63"
59,development-62bad-girl Naomi Clark
60,development-63Future-President George W. Bush
61,development-64current world champion Lu Lan of China
62,development-65Glabius
63,development-66the writer
64,development-67the mother of Peter
65,development-68Rathnavel -LRB- R. P. Viswam -RRB-
66,development-69his wife
67,development-70Mauboy 's
68,development-71Robert Flaherty
69,development-72Cosima Liszt
70,development-73Pinter
71,development-74Doege
72,development-75Sir Ralph Abercromby
73,development-76Allmusic reviewer Stephen Thomas Erlewine
74,development-77Samtown
75,development-78President Gloria Macapagal-Arroyo
76,development-79Hermann Grassmann -LRB- advancing the use of vector analysis -RRB-
77,development-80Petersen
78,development-81a baby girl
79,development-82Philip who is declared commander of the League 's army
80,development-83his wife
81,development-84a minister
82,development-85Daisy
83,development-87Bongo
84,development-88Daniel
85,development-89Alphonse Royer
86,development-90Elizabeth 's
87,development-91Donald MacArthur -LRB- the ` Occasional ' -RRB-
88,development-92his daughter
89,development-93Bonnie Grabenhofer of Illinois
90,development-94Alice 's
91,development-95Charlie Weis
92,development-96George Caswell
93,development-97Tredway 's
94,development-98Margrave Leopold III of Austria
95,development-99Jacques
96,development-100a protege of Bounty Killer
97,development-101Re-elected in the 2007 election
98,development-102a strip club owner
99,development-103Donald P. Kanak
100,development-104His
101,"development-105Eliza Simmons Bryant -LRB- 1827 -- May 13 , 1907 -RRB-"
102,development-106Julia
103,development-107Asha
104,development-108the Americans
105,development-109Tami Lynne
106,development-110Charles Cawley
107,development-111Alice Perrers
108,development-112Danny Goldman
109,development-113Another homeroom teacher
110,development-114Gallant Lord Flashheart
111,development-115almost Angelica
112,development-116Elsie
113,development-117Yang Xiong
114,development-118Anna Brewster
115,development-119secretary general of the party
116,development-120Oliveira
117,development-121Hudd
118,development-122author and National Book Award Winner for The Feast of Love Leo J. Enright
119,development-123Unbeknownst to them
120,"development-124King of Delhi , King Feroz Shah Tughlaq"
121,development-125Donald Deacon
122,development-126Massachusetts Governor Charlie Baker in 2014
123,development-127Brian Wilson
124,development-128Smith
125,development-129Haritha
126,development-130Carney
127,development-131Jerry Marshall
128,development-132he
129,development-133Jones
130,development-134The couple
131,"development-135The leader of the Legnano -- Pirelli team , Graziano Battistini"
132,development-136Miller
133,development-137The 20-year-old Nyro
134,development-138Hayes
135,development-139DeLaurentis/Carolco -LRB- now EUE Screen Gems -RRB-
136,development-140Catherine Falconetti -LRB- Ullman -RRB- to local butcher Joseph Santangelo -LRB- D'Onofrio -RRB-
137,development-141Isabel
138,development-142Isabel
139,development-143Yukiko Shinozaki
140,"development-144Diane 's granddaughter Charlotte de la Marck , the ch"
141,development-145Rocky
142,development-146Natasha
143,development-147Edward Monro
144,development-148The actress Dian Sastrowardoyo
145,development-149Bieber 's
146,development-150even Siva from ` The Wanted
147,development-151Colonel Palmer
148,development-152Mary Moore
149,development-153The poor
150,development-154Gloria over Rita
151,development-155Woman 's
152,development-156Alexander the Great -LRB- 356BC-323BC -RRB-
153,development-157Liszt
154,development-158Bennett
155,development-159Deacon
156,development-160Henrietta Anne Hoare
157,development-161Lindsay Lohan 's
158,development-162his father 's
159,development-163Riotta 's
160,development-164Quinn
161,"development-165Ardon Benjamin Holcomb -LRB- Born June 23 , 1804 in North Granby , Hartford , Connecticut ; died September 29 , 1879 -RRB- , a lawyer"
162,development-166Noah for future occupation
163,development-167Geller
164,"development-168Noble `` Thin Man '' Watts -LRB- February 17 , 1926 -- August 28 , 2004 -RRB-"
165,development-169some
166,development-170an educationist
167,development-171The Mark Twain book A Tramp
168,development-172his new master
169,development-173Murray
170,development-174Sarah Wigglesworth
171,development-175Sherwood
172,development-176Fred 's cellmate
173,development-177Aleksey Mikhailovich
174,development-178contender Oba Carr in February 1999
175,development-179She
176,development-180Johnny Dee
177,development-181Yuan Sijun -LRB- born 29 May 2000 in Fujian -RRB-
178,development-182Pavlik
179,development-183The Red Rose of Lancaster
180,development-184Susan Mtegha
181,development-185Kelsey
182,development-187Harold Fleming 's `` splendid left-foot shot ''
183,development-188the bartender Horace trapped under debris
184,development-189Edith
185,development-190Ceruti 's
186,development-191Tad Gruzsa
187,development-192Aguilar
188,development-193Miss Palmer
189,development-194Julie Madison
190,development-195Lady Thiang
191,development-196Honda 's 350th Grand Prix as an engine supplier and the first time
192,development-197Lee
193,development-198Verdi 's Don Carlos
194,development-199Belle
195,development-200Belle
196,development-201He
197,"development-202Artigas , who thought that the gauchos were not treated well"
198,development-203Groucutt
199,development-204Quincy Jones
200,development-205her old boyfriend
201,development-206Blige
202,development-207Petter
203,development-208Victoria
204,development-209Giggs
205,development-210Barlow
206,development-211Margaret Thatcher 's
207,development-212Ricardo
208,development-213Teri Ann Linn that Kristen was no longer needed in the show 's current storylines
209,development-214Mickey Holliday
210,development-215Isabelle 's
211,development-216Heidi
212,development-217George H. Throop
213,development-219Toshney
214,development-220Byas
215,development-221a member of the Western Australian Legislative Council
216,development-222Rubenfeld
217,development-223Vivian
218,development-224Dunstan
219,"development-225John Nixon -LRB- May 10 , 1815 - June 3 , 1899 -RRB- , English mining engineer and colliery proprietor"
220,development-226Assistant to First Lady Hillary Rodham Clinton 's Chief of Staff
221,development-227Tracey Chapman
222,development-228Bonnie Tyler -LRB- then known as Gaynor Hopkins -RRB-
223,development-229Stephanie Merritt of
224,development-230Jean Baptiste Boisot
225,development-231her
226,development-232Father Joseph
227,"development-233Elizabeth Frances Zane in Chicago , Illinois"
228,development-234He
229,development-235Sarah 's aunt Emily Eden
230,development-236Isabel
231,development-237Isabel
232,development-238Richard
233,development-239Crummell
234,development-240his father Emperor Kang
235,development-241Yana
236,development-242The victim
237,development-243a guest vocalist
238,development-244Grace Lumpkin
239,development-245Sasha
240,development-246Hubbell 's overbearing mother
241,development-247Yi ` nan
242,development-248music journalist Daniel Cooper 's
243,development-249Lee Roy Martin
244,development-250Conrad
245,development-251Troy
246,development-252Rita Verdonk
247,development-253Celia
248,development-254Emma
249,development-255Robin
250,"development-256the character of Mary , who suffers from a mental illness"
251,development-257James Syme
252,development-258Herbert
253,development-259Malcolm Rifkind
254,development-260Dyer then race
255,development-261Smith
256,development-262Eric Matisoff
257,development-263Bordo 's
258,development-264Abram
259,development-265Giovanna Pessi
260,development-266Conlan
261,development-268his friend Blaise -LRB- Kotto -RRB-
262,development-269She
263,development-270Emma
264,development-271Pratap
265,development-272The top guard in the SEC
266,development-273William
267,development-274Busch still leading
268,development-275Lisa
269,development-276Lisa
270,development-277Bart
271,development-278some
272,development-279Rinker
273,development-280Gao Jixing
274,development-281Eleanor
275,development-282Kieran Richardson
276,development-283Bissett
277,development-284Arthur W. Saha
278,development-285compatriot Vasek Pospisil
279,development-286Dr. John P. Brookins
280,development-287Uncle Petrie
281,development-288Her
282,development-289Kudryavtseva
283,development-290Corby
284,development-291Llewellyn
285,development-292Melinda
286,development-293Sylvia Plath
287,development-294the debuting Jayme Jameson
288,development-295Dante
289,development-296Villefort
290,"development-297John Wayne from 1926 to 1976 , which also includes those films that Wayne only produced , and results pertaining to his long-running box office popularity between 1949 and 1973"
291,development-298Ramanand Sagar
292,development-299Granell
293,development-300William Stewart
294,development-301Kevin Keegan
295,development-302Sarah 's
296,development-303Stanner
297,development-304Addams
298,development-305Neither character
299,development-306Wally Backman and Keith Hernandez
300,development-307Vettel
301,development-308Special Agent
302,development-309Alexander Irvin
303,development-310A.J. Styles
304,development-311Janet
305,development-312Harriet
306,development-313Stephanie
307,"development-314Roman Steinberg -LRB- April 5 , 1900 -- April 16 , 1928 -RRB- from Tallinn , Estonia"
308,development-315Maria
309,development-316Stevens
310,development-317Marenghi
311,development-318Lillian Cleaves
312,development-319Lindrum
313,development-320Caressa
314,development-321Pancho Villa in 1916
315,development-322Niall
316,development-323Tewodros II 's
317,development-324a malevolent ghost
318,development-325Robert
319,development-326Hillary Clinton
320,development-327Prof. Larsson
321,development-328Portia
322,development-329his father 's
323,development-330Mermet
324,"development-331Vivian who is entombed , and after escaping"
325,development-332Victor
326,development-333his father
327,development-334Princess Margaret in the upcoming film
328,development-335Bree
329,development-336Gabrielle
330,development-337Sam Allen
331,development-338Millar
332,development-339Ibn Thabit
333,development-340Rusedski
334,development-341Jean
335,"development-342Heather O'Rourke -LRB- December 27 , 1975 -- February 1 , 1988 -RRB-"
336,development-343Sharon Rich
337,development-344Chueathai
338,development-345Caepio
339,development-346Ryan
340,development-347The character of Gerard
341,development-348Krystal Carey
342,development-349Alexander Haig 's
343,development-350Brentford manager Harry Curtis
344,development-351Jo
345,development-352Rachel
346,development-35316-year-old Elizabeth Pe
347,development-354James
348,development-355Percy
349,development-356Frank
350,development-357Joe
351,development-358Connor 's mother
352,development-360Harris
353,development-361Kira Nerys
354,development-362Patricia
355,development-363Steingut
356,development-364Sarah Fitz-Gerald
357,development-365Jon Lee Anderson
358,development-366Evangeline
359,development-367Howard
360,development-368Brian Grazer
361,development-369Gandhian
362,development-370each
363,development-371Christy -LRB- released in 1967 -RRB-
364,development-372Catherine Marshall
365,development-373Jake Vargas as Jepoy -LRB- Guitar Enthusiast -RRB- - the group 's resident rocker .
366,development-374Harbutt
367,development-375Yuka 's corpse
368,development-376the Queen
369,development-377John Paulet
370,development-378Temerlin
371,development-379alway on King 's integrity
372,development-380Constantius
373,development-381Justin Tranter
374,development-382Johan Bj
375,"development-383Ian Parkin -LRB- born Wakefield , Yorkshire , 1950 - 1 July 1995 -RRB-"
376,development-384Joe Morgan
377,development-385a literary mentor
378,development-386Steve Blizzard
379,development-387Basu
380,development-388Cousin Helen
381,"development-389the oldest of four children of Earl Andrew Forsythe , an attorney , and Janet Kendall Forsythe"
382,development-390Traci Peterson
383,development-392Moore 's
384,development-393She
385,development-394Lisa Brock
386,development-395Don
387,development-396Robles
388,development-397Queen Eleanor
389,development-399Adam
390,development-400Wolman
391,development-402Me ''
392,development-403she
393,development-404Etta -LRB- voiced by Leigh-Allyn Baker -RRB-
394,development-405Anya
395,development-406fourth member Barbara Martin
396,development-407Venetists
397,development-408Frutkin
398,development-409Deanna in various costumes dressed as Madonna
399,development-410Lisa Hunter
400,development-411Faida Hamdy
401,development-412Fern Britton
402,development-413Boswell himself
403,development-414Tilly 's
404,development-415Williamite
405,development-416Rufus
406,development-417Governor Kathleen Sebelius
407,development-418Alice
408,development-419Jeremy Gifford
409,development-420McClusky
410,development-421Robinson
411,development-422Thoms
412,development-423Ellison 's
413,development-424George
414,"development-425David Hopkins , released in December 2010"
415,development-426Dotty
416,development-427The couple
417,development-428Williams
418,development-429his father Ervin Robinson
419,development-430The actress
420,development-431Smith
421,development-43210th
422,development-433Jean-Gabriel De Tarde
423,development-434Pan American
424,development-435Mr. Kwan
425,development-436Cecilia 's
426,development-437Finn
427,development-438William P. Rogers
428,development-439David
429,development-440Christ
430,development-441Tony Bennett who was signed by Mitch Miller to Columbia Records on the strength of Bennett 's 1949 demo of the song
431,development-442Nicky Romero
432,development-443Heidi Roizen
433,development-444Theresa
434,development-445Gaiman
435,development-446Damian Woetzel
436,development-447Thomas
437,"development-448Whilst Ali was preaching , a chief requested Salih to judge the message brought by Ali ."
438,development-449Nazi
439,development-450her
440,development-451Raymond 's wife
441,development-452mother of two small children
442,development-453Maurice Renand
443,development-454Barbara Berman
444,development-455Barbara Berman
445,development-456consul candidate Marcus Cicero
446,development-457Dan Brown 's
447,development-458the philosopher
448,"development-459Carlo Pedretti -LRB- born in Bologna , 1928 -RRB-"
449,development-460Katniss
450,development-461those to pay tribute to the more famous of the two brothers
451,development-462Alice
452,development-463Penny 's other daughter Alice Sycamore
453,development-465Briana Scurry 's save of China 's third kick
454,development-466Henry Czerny
455,development-467Pius II
456,development-468an ex-Krimzon Guard of high authority
457,development-469Richard Davidson
458,development-470Louise
459,development-471Polly
460,development-472Wendi Richter
461,"development-473WrestleReunion in an eight-woman tag team match -LRB- teaming with Bambi , Malia Hosaka"
462,development-474Louisiana Governor Chip Majors -LRB- James DuMont -RRB-
463,development-475he
464,development-476a 24-hour guard
465,development-477The Swiss film critic Norbert Creutz
466,development-478the Catalan commander Roger de Flor
467,development-479William Wadsworth 's
468,development-480Her
469,development-481general manager Bobby Clarke
470,development-482Jones
471,development-483Mr. Bonjawo
472,development-484Zhang Feng
473,development-4852nd
474,development-486Blige
475,development-487He
476,development-488Robert de Montesquiou
477,development-489Suzanne
478,development-490she
479,development-491Martha
480,development-492Only Cardinal Benedetto Odescalchi
481,"development-493Betty about her crush on Henry , calling him her `` Nerd Lover"
482,development-494Baljeet
483,development-495her
484,development-496Faustina
485,development-497Ward
486,development-498the current Minister of Foreign Affairs of Abkhazia
487,development-499Gessle
488,development-500John Hoskyns
489,development-502Ernest Clark
490,development-503Pierre Caziot
491,development-504Catherine
492,development-505He
493,"development-506to be nominated twice more , winning for a third time , this time in the category of Best Supporting Actress"
494,development-507Jackson
495,development-508Ludmila Savinkova
496,development-509Jonah Anguka
497,development-510Sparkhouse -LRB- Red Production Company / BBC 2002 -RRB- ;
498,development-511Julie Marie Berman
499,development-512Lauren Mitchell
500,development-513Doyen
501,development-514the Apartheid-set drama Agaat
502,development-515Jared
503,"development-516The cousin of Tigers outfielder Ron LeFlore , Steverson"
504,development-517Betty 's family
505,development-518the band 's producer
506,development-519Eunice
507,development-520Jacques Villeneuve
508,development-521Brent Smith in 2001
509,development-522Sam Dryden
510,development-523Jay-Z
511,development-524Brendon Hartley
512,development-525documentarian Steve Zissou -LRB- Bill Murray -RRB-
513,development-526Bruton
514,development-527Lyricist Betty Thatcher-Newsinger
515,development-528Cynthia
516,development-529her celebrity
517,development-530Muir
518,development-531Moore
519,development-532her
520,development-533Paul Devereaux III
521,development-534McLean
522,development-535He
523,development-536Ed Fishman
524,development-537Ralph Vaughan Williams
525,development-538Jervis
526,development-539Luc Urbain de Bouexic
527,development-540Anand 's
528,development-541Nanci Griffith
529,development-542JESS3
530,development-543Wanda Ileen Barzee
531,development-544Elizabeth
532,development-545Welner with introducing significant new evidence into the case in his 206-page report .
533,development-546Helen Modern -LRB- born 16 February 1983 -RRB-
534,development-547Audrey
535,development-548the director of Larry 's Hollywood film
536,development-549Shumlin
537,development-550Hilda Satt
538,development-551Mary 's mother
539,development-552Baynes
540,development-553actress Glenn Close in the role
541,development-554the scruffy kid
542,development-555the architect
543,development-556Rosa Mendes
544,development-557Gardiner
545,development-558he
546,development-559Dave Navarro and Stephen Perkins
547,development-560Brian Alexander Morgan
548,development-561American mycologist William Murrill
549,development-562Chorney
550,development-563Marlene Palumbo from Indienink Music
551,development-564Knyvet
552,development-565Beyonc
553,development-566Bjorn
554,development-567his
555,development-568Eyre
556,development-569Justin Williams
557,development-570Roberts
558,development-571Benton 's father
559,development-572Benton
560,development-573Napoleon
561,development-574He
562,development-575Porter
563,development-576****
564,development-577Arianda
565,development-579Alf and Else 's
566,development-581someone named Ervin would write about Robert E. Howard 's Steve Costigan character from Fight Stories
567,development-582Margaret Cavendish
568,development-583His
569,development-584Brenda
570,development-585daughter of last witness
571,development-586Samuel
572,development-587Leadbetter
573,development-588Roy Ascott at Ealing Art College in West London between 1963 and 1966
574,development-589Clark
575,development-590Henry 's wife
576,development-591Moore
577,development-592Lulu Dark
578,development-593His father
579,development-594Jeff
580,development-595Stuart Robert
581,development-596Barkha
582,development-597Barkha
583,development-598Murasaki
584,development-599`` Mary Ann Bighead '' -- a mockery of the former Times columnist and assistant editor Mary Ann Sieghart .
585,development-600Anna Karenina
586,development-601Davis
587,development-602Graham
588,development-603the telepathy-immune Plastic Man
589,development-604a cricketer
590,development-605Cabinet Expertise Drouart
591,development-606an eight-woman Battle Royal
592,development-607Tom Tobin
593,development-608Liz Watts of Porchlight Films
594,development-609von Frisch 's
595,development-610Vald * tejn acquired Bukovina from Karel Kapoun from Svojkov .
596,development-611Martin
597,"development-612Kevin Park -LRB- born September 2 , 1964 in Hythe , Alberta -RRB-"
598,development-613George Hayes -LRB- later to become known as `` Gabby '' Hayes -RRB-
599,development-614Hebblethwaite
600,development-615Arnim Zola
601,development-616William
602,development-617Adam
603,development-618Giselle
604,development-619Pierre Gaisseau
605,development-620the City medical examiner
606,development-621Whitman as a defendant
607,development-622Wheatley
608,development-623Payne
609,development-624Many of the leaders
610,development-625Michael Cohl
611,development-626he
612,development-627Max
613,"development-628A courtier as well as a soldier , Colonel Finch"
614,development-629Woolf
615,development-630Len Righi of The Morning Call
616,development-631Thomas Hermanns -LRB- b. 5 March 1963 -RRB-
617,development-632Gentile Chris
618,development-633his now
619,development-634Jalousie ''
620,development-635Emicho of Leiningen
621,development-636Laura Michelle Kelly
622,development-637New York Mayor Michael Bloomberg
623,development-638She
624,development-639Lord Darwen
625,development-640Pat Magnum
626,development-641James Wolfe
627,development-642Sinclair
628,development-643Rossetti 's mother
629,"development-644Roy Ward as Reverend Lucas Greene , the local Anglican priest ."
630,development-645Patricia for a few years
631,development-646Irene
632,development-647Taylor
633,development-648John
634,development-649her daughter
635,development-650Riley
636,development-651her cousin in reality
637,development-652Alison Krauss
638,development-653Alison Krauss
639,development-654Ann
640,development-655Mary Freudstein
641,"development-656Johan van Dorth -LRB- Horst , 1586 - Salvador , 17 July 1624 -RRB- , Lord of Horst and Pesch"
642,development-657Angelina Beloff at the time
643,development-658Amy Winthrop
644,development-659Vedism
645,development-660Maureen 's
646,development-661Patricia
647,development-662Colette
648,development-663a scholar 's
649,development-664Madeleine
650,development-665Janet
651,development-666Nathan
652,development-667He
653,development-668The family
654,development-669Newton
655,development-670Jon Krakauer
656,development-671Kruse
657,development-672the Premiership Whitehead
658,"development-673Katie Blair from Billings , Montana"
659,"development-674Clinton , Collier"
660,development-675Sevyn
661,development-676Mac Akasaka
662,development-678Steve Brule : co-host of Engine Masters .
663,development-679Arsenault
664,development-680He
665,development-681Ramya Krishnan
666,development-682the daughter of civil engineer Colin McGregor Ure and Edith Swinburne
667,development-683the daughter of civil engineer Colin McGregor Ure and Edith Swinburne
668,development-684Leeds ' brother
669,development-685Godfrey
670,development-686Paduh
671,development-687Millar
672,development-688Bheem
673,development-689he
674,development-690Forbes
675,development-691Betanzos
676,development-692Ethan
677,development-693Fincher
678,development-694Wiggins
679,development-695Jews who escaped from Nazi persecution
680,development-696Gandhi
681,development-698Ruscha
682,development-699Layla Sarakalo
683,development-700she
684,development-701a rookie
685,development-702Cosima 's
686,development-703Clay 's
687,development-704Marco Vespucci
688,development-705Simonetta
689,development-706Sarah Armantrout
690,development-707You
691,development-708Ray Lindwall
692,development-709Emma Evans
693,development-711Halberstam
694,development-712He
695,"development-713former Governor Sarah Palin of Alaska , the 2008 Republican vice-presidential nominee"
696,development-714Lance
697,development-715Stephanie 's
698,development-716Tim
699,development-717G.K. Moopanar -LRB- ; 1931-2001 -RRB-
700,development-718James I
701,"development-719Angela , who in turn is infatuated with Army surgeon Major Hilary Jarret"
702,development-720Peggy Ryan
703,development-721Kartik Chandra Pal
704,development-722Flanagan
705,development-723Marco Pannella
706,development-724Frans Schwartz
707,development-725Tim Boswell 's
708,development-726Brown University professor Andries van Dam
709,development-727Seles
710,development-728Kate Flannery
711,development-729Kelly
712,development-730Andy McBride -LRB- Robert Paige -RRB-
713,development-731Andy Spade
714,development-732a member of the group
715,development-733co-written by Christos Gage and Mike Costa and drawn by Antonio Fuso
716,development-734Tachibana -LRB- ** -RRB- Rito 's junior from his middleschool and also attending to Sainan High .
717,development-735Haruna
718,"development-736Kate , his friend"
719,development-737Snelling
720,development-738you
721,development-739Tommy Layton
722,development-741Hamilton
723,development-743Longet
724,development-744Jim Reeves
725,development-745Republicans
726,development-746Andrew ` Benji ' Veniamin
727,development-747Michael F. Cergizan
728,development-748r. 673 -- 642 BC
729,development-749Bingham
730,development-750Yasuko questions Mieko about her intentions for her with
731,development-751Madelyne
732,development-752Scott
733,development-753Dean
734,development-754Lady Guo as princess dowager
735,development-755Dr. Chakma
736,development-756referee Jerry Markbreit
737,development-757Theismann 's
738,"development-758Influenced by actresses such as Vivien Leigh , Goldie Hawn and Kim Basinger , Jennifer"
739,development-759Joe
740,development-761Martha
741,development-762Pedro
742,development-763Avril Lavigne
743,development-764Mary Roe Walkup
744,development-765The Kovenant in 1999
745,development-766Dudley
746,development-767Francy Boland 's
747,development-768Vysotsky 's
748,development-769Sten
749,development-770Samantha Sky Shelton -LRB- born 15 November 1978 -RRB-
750,development-771another old boy
751,development-772Jefferson Davis
752,development-773a genius
753,development-774Stevie Cameron
754,development-775Alderman Thomas Rigby
755,development-776Westall
756,development-777her coach
757,development-778Helen
758,development-779Austen 's
759,development-780Reid
760,development-781A neighbour of Ervine 's who was a member of the Ulster Defence Association -LRB- UDA -RRB- William Irvine
761,development-782Yul Brynner
762,development-783he
763,development-784Harriet Smith
764,development-785Moses
765,development-786Mrs Tapili
766,development-787Tish
767,development-788Emperor Xuanzong
768,development-7891901 Braun trained under the American painter William Merritt Chase -LRB- 1849-1916 -RRB-
769,development-790John 's
770,development-791Drucci
771,development-792Berney
772,development-793Cronin
773,development-794Alexandra
774,development-795Bridget
775,development-796John Kelling -LRB- who had already represented the Waimea electorate in Parliament -RRB-
776,development-797Margaret Parsons
777,development-798The architect of the Cathedral
778,development-799Vikings
779,development-800Stokes
780,development-801Haysbert
781,"development-802Republican Senator John McCain of Arizona , who Khizr says was a hero to Humayun"
782,development-803Hirsi Ali
783,development-804She
784,development-805Ibrahim Hooper
785,development-806girlfriend Jane Asher 's
786,development-807Evander
787,development-808Kylie
788,development-809Groom
789,development-810a producer for NBC
790,development-811writer Ken Kolb
791,development-812Penny Unger
792,development-813Andy Warhol
793,development-814Toskala
794,development-816Moose
795,development-817Nero Wolfe
796,development-818Agatha Christie
797,development-819Beatrice
798,development-820Ajay
799,development-821Narayanan 's
800,development-822Toledo
801,development-823Castillo
802,development-824Hollar
803,development-825Grace Metalious
804,development-826Lars Frederiksen
805,development-827Laxman 's
806,development-828Bourque
807,development-829Earl
808,development-830the King
809,development-831Isabella
810,development-832Lula da Silva
811,development-833Fahey his first paying gig -- a weeklong engagement at Boston 's Odyssey Coffeehouse in the summer of ' 65
812,development-834Paul Frees
813,development-835Kyle Busch
814,development-836Klunk
815,development-837Britney Spears
816,development-838Shingo
817,development-839Drama CD/PSP/anime
818,development-840Geoff Goddard
819,development-841Leonhard Felix Fuld
820,development-842Hindemith
821,development-843Lee
822,development-844Eleanor
823,development-845Angelica Kauffmann 's The Farewell of Abelard and H * lo
824,development-846Vangelis
825,development-847Stephenson
826,development-848Hawkins
827,development-849Dhavernas
828,development-850Vanessa 's
829,development-851General Foulois
830,development-852Hitler 's
831,development-853Landrieu in 2002
832,development-854the librarianship of the Bodleian whilst fellow
833,development-855Bonnie
834,"development-856Sassoon , who was becoming influenced by Freudian psychoanalysis"
835,development-857Wilson as an immediate advocate for supplying the mujahideen with Stinger missiles
836,development-858Melissa Auf der Maur
837,development-859Blue October drummer Jeremy Furstenfeld
838,development-860Marguerite Feitlowitz
839,development-861Duncan
840,development-862Bachee * tche
841,development-863Fernando Denis
842,development-864Dan
843,development-865Clay Tatum
844,"development-866Bernard Osgood Koopman -LRB- 1900 -- August 18 , 1981 -RRB-"
845,development-867the eldest child to Eduardo Frei Montalva and Mar * a Ruiz-Tagle Jim * nez
846,development-868Nicolas Perrenot de Granvelle -LRB- 1486-1550 -RRB-
847,development-869Livingston
848,development-870William `` Bill '' Rancic -LRB- / * r * nts
849,development-871Raveena Joseph of The Hindu
850,development-872Mouna Ragam
851,development-873Mahm
852,development-874H. Beam Piper : A Biography -LRB- 2008 -RRB- * * * *
853,development-875President Warren G. Harding
854,development-876Leishman
855,development-877Kathleen McKinnon
856,development-878Zeki
857,development-879Loew
858,development-880Caruso
859,development-881Colonel James C. Marshall
860,development-883Jimmy Iovine
861,development-884Dan Bailey
862,development-885Hawkey
863,development-886Vicki leaving
864,development-887Michelle
865,development-888Laura Elizabeth Pedersen
866,development-889Brigadier General Harris Otadafevwerha Deodemise Eghagha
867,development-890He
868,development-891Jackson
869,development-892The Stroescus
870,development-893Gori
871,development-894Maya
872,development-895Vishnu
873,development-896Derman
874,development-897Pirkka-Pekka Petelius as Nils Lepist *
875,development-898Kitty Empire of The Observer
876,development-900Eddie
877,development-901Pat Calder
878,development-902Dickov
879,development-903Emily
880,development-904Emily
881,development-905she
882,development-906My Girl
883,development-907Kabir Ali
884,development-908Tushar Imran
885,development-909Riadh Ben Aissa
886,development-910John Hibbett DeWitt Jr.
887,development-911Sergei Pakanich
888,development-912veteran first baseman Doug Mientkiewicz to the Boston Red Sox and Morneau became the Twins ' starting first baseman
889,"development-913William Landay -LRB- born 1963 , in Boston , Massachusetts -RRB-"
890,development-915Friederike
891,development-916Another person who debuted
892,development-917amicable
893,development-918the central character
894,development-919Jobson
895,development-920State Senator Diane Watson
896,development-921Slim Smith
897,development-922Rick Pitino as a member of the staff of the National Basketball Association 's New York Knicks
898,development-923Arturo
899,development-924Stroll
900,"development-925infant daughter Martha Johanna Winthrop in tow , Henry 's widow"
901,development-926Writer Howard Weinstein
902,development-927Cecil Calvert
903,development-928Aikman 's
904,development-929Don Pietro
905,development-930Ralph Ellison 's
906,development-931Dempsey
907,development-932Morgan Spurlock
908,development-933His father
909,development-934Tate
910,development-935the recently crowned beauty queen
911,development-936Bernal 's
912,development-937a better man than Brian
913,development-938marked Johnson 's
914,development-939Messier
915,development-940Connie
916,development-941his
917,development-942Sor Juana
918,development-943her
919,development-944Rashaun Allen
920,development-945Kristal
921,development-946Al-Kind *
922,development-947Steve Lawrence
923,development-948Jill Parenteau
924,development-949He
925,development-950Boxx
926,development-951Boxx
927,development-952Croatian top model Tatjana Juri * fills the host role which Tyra Banks performed in the original series .
928,development-953the Principal
929,development-954Lance
930,development-955The Christians of Quilon
931,development-956a Major Grapper
932,development-957Rodney Dillard
933,development-958Keane
934,"development-959Harold Orton -LRB- October 23 , 1898 -- March 7 , 1975 -RRB-"
935,development-960co-author Kai Bird
936,development-961Wynn
937,development-962she
938,"development-963Shirley Grossman in Philadelphia , Pennsylvania"
939,development-964Warren
940,development-965Merrill De Maris
941,development-966the couple separated
942,development-967the Easter Rising in 1916
943,development-968Gina
944,development-969Elizabeth Short a.k.a.
945,development-970Deputy Sheriff Cam Riley
946,development-971Candace Parker
947,development-972Michael Dyche
948,development-973Maria Ernestam
949,development-974Arima
950,development-975The puppet
951,development-976the daughter of Isaac Henry-Anderson and Katherine Blyth
952,development-977Her mother
953,development-978Allen Lee Peng Fei
954,development-979the Sorbonne
955,development-980Bobby Roode
956,development-981Corey Graves
957,development-982Gomi
958,development-983Chino 's
959,development-984Jennifer
960,development-985Denise
961,development-986Batman
962,"development-987Batman , Robin , Commissioner Gordon and Chief O'Hara interrogate King Tut as Harvey"
963,development-988Shantaram
964,development-989jockey Martin Garcia
965,development-990Cynthia Brooke
966,development-991Ryan Braun
967,development-992Kristy Johnson
968,development-993Henry
969,development-994Kyunki 's
970,development-995Grimes '
971,"development-996Graf 6 -- 2 , 7 --"
972,development-997Henry
973,"development-998Christa Brittany Allen -LRB- born November 11 , 1991 -RRB-"
974,development-999Maturinus
975,development-1000James Jimmy Kidega -LRB- born 16 August 1982 -RRB-
976,development-1001Liv Ullmann
977,development-1002Her mother
978,development-1003Mary Bell
979,development-1004the wife of former Governor of West Virginia John J. Jacob
980,development-1005Pacquiao
981,development-1006Horace
982,development-1007Arulnithi as Tamizh Bindu Madhavi as Malar Ashrita Shetty as Isabella Bagavathi Perumal as Ramanujam Esakki Nassar as Hippy Lahiri M S
983,development-1008Alice
984,development-1009S.J. Emmanuel
985,development-1010John McCarty
986,development-1011manager Don Givens
987,development-1012William de Alwis -LRB- 1842 -- 1916 -RRB-
988,development-1013she
989,development-1014Zhang Fei
990,development-1015Charles Spearman
991,development-1016Lodoli
992,development-1017Maya Karin
993,development-1018Inter-league
994,development-1019Kara
995,development-1020Carol Merrill
996,development-1021Moulay Muhammad
997,development-1022Osborne 's
998,development-1023She
999,development-1024the Frisians
1000,development-1025She
1001,development-1026the daughter of Gladys Mae -LRB- Snell -RRB- and Victor Elliott Karnes
1002,development-1027Yuichi
1003,development-1028Yuichi
1004,development-1029Noel McDade -LRB- 1882 -- 1979 -RRB-
1005,development-1030Brianne Gould as the character Brianna Ortiz
1006,development-1031Amanda
1007,development-1032Abraham 's brother
1008,development-1033Suhasini Maniratnam -LRB- born 15 August 1961 -RRB- known commonly as Suhasini
1009,development-1034Pat Quinn
1010,development-1035Neville
1011,development-1036reporter Carlos Hurd -LRB- who helped write the birdlines -RRB-
1012,development-1037Eliana
1013,development-1038Chandran
1014,development-1039a film student
1015,development-1040She
1016,development-1041Rosie
1017,development-1042Clark
1018,development-1043Isabella Beeton
1019,development-1044her
1020,"development-1045Perry , who wore number 72 as a Chicago Bear"
1021,development-1046she
1022,development-1047the whole family
1023,development-1049Eostre 's
1024,development-1050Unbeknown to her
1025,development-1052Shaka 's
1026,development-1053Sheena
1027,development-1054Wilhelmina Vautrin
1028,development-1055Mary Cassatt
1029,development-1056Gloria Gaye 's All Girls Band
1030,development-1057Joanna -LRB- also known as Juanna the Mad -RRB-
1031,"development-1058Justin O'Mara Brown -LRB- born April 16 , 1982 in Fletcher , Oklahoma -RRB-"
1032,"development-1059Dr. John Davies Jones of Washington , DC"
1033,development-1060Beck
1034,development-1061Daniel
1035,development-1062Julie 's grandmother
1036,development-1063Hill
1037,development-1064quarterback Steve Bellisari
1038,development-1065Putnam 's
1039,development-1066Carlo 's own
1040,development-1067Abbie
1041,development-1068Jack 's grandfather
1042,development-1069Joseph Priestley
1043,development-1070Gaddafi
1044,development-1071Wilma -LRB- along with Betty -RRB-
1045,development-1072Jan
1046,"development-1073BBC newsreader Jane Hill in Crawley , West Sussex"
1047,"development-1074Henry Ponsonby to Sir Thomas Biddulph , another courtier"
1048,development-1075Maicon
1049,development-1076Budig the `` Real '' Greenlee
1050,development-1077Essence Magazine Ana Perez
1051,development-1078Hillary Clinton 's
1052,development-1079Dave Roberts -LRB- James Murray -RRB-
1053,development-1080Ruth Deller
1054,development-1081She
1055,development-1082Marina Yakhlakova
1056,development-1083Hannah Davis
1057,development-1084Sune
1058,development-1085Hugues
1059,"development-1086Cattle Annie -LRB- November 29 , 1882 - November 7 , 1978 -RRB-"
1060,development-1087a member of the Fine Arts committee of the American Academy
1061,development-1088your
1062,development-1090Wallace
1063,development-1091comedy rock musician Jonathan Coulton
1064,development-1092Bruce 's
1065,development-1093Duke Francesco Maria Della Rovere
1066,"development-1094`` Dough/Ray/Me , Do/Re/Mi '' over and over during a long and climactic finale ``"
1067,development-1095Stravinsky
1068,development-1096Pierre Boulez
1069,development-1097Gold
1070,"development-1098Prince Ferdinand of Bourbon-Two Sicilies , Duke of Castro , a Bourbon prince and claimant to headship of the Royal House of the Two Sicilies , which was deposed in 1860"
1071,development-1099Kathleen Khloe McQueen
1072,development-1100Myra
1073,development-1101Palmer
1074,development-1102Karitaake Tewaaki
1075,development-1103His
1076,development-1104William Fane de Salis
1077,development-1105Democrats
1078,development-1106the architect Lewis Nockalls Cottingham
1079,development-1107Arch Hall Jr. as Tom Nelson Marilyn Manning as Roxy Miller Richard Kiel as Eegah Arch Hall Sr. as Robert Miller Clay Stearns as Band Member Bob Davis as George Deke Richards as Band Member Ron Shane as Detective Addalyn Pollitt
1080,development-1108Lolotte
1081,development-1109Joe
1082,development-1110Mrs. Livingston 's
1083,development-1111Jackson at 12:26 *
1084,development-1112a real father
1085,development-1113Rawhide stuntwoman Roxanne Tunis
1086,development-1114Tania in 2011
1087,"development-1115Monica Penders -LRB- b. February 10 , 1964 in Canberra , Australia -RRB-"
1088,development-1116Jenny Clow
1089,development-1117Lee Higgins
1090,development-1118Maus
1091,development-1119Tom
1092,"development-1120Her adoptive paternal aunt , Lady Lilford"
1093,development-1121the Roman official
1094,development-1122Hirson
1095,development-1123Annie
1096,development-1124Terri Belford
1097,development-1125Paul Fairclough
1098,development-1126The eldest daughter of Rajah Gambang
1099,development-1127Ben Bernanke
1100,development-1128Matthews 's
1101,development-1129McFarlane
1102,development-1130Carl Muggleton 's
1103,development-1131Louisa Yeomans
1104,development-1132Sharky
1105,development-1133Milutin 's grandson
1106,development-1134Kate Beirness
1107,development-1135Waller 's
1108,development-1136her boyfriend
1109,development-1137Noreen
1110,development-1138Dolores
1111,development-1139Madison
1112,development-1140Amelia Isadora Platts
1113,development-1141in a
1114,development-1142Graham Riddick
1115,development-1143Lynn
1116,development-1144the other woman
1117,development-1145Elizabeth Merrill of ESPN.com
1118,development-1146New York Times writer Gerald Jonas
1119,development-1147Stephanie
1120,development-1148flight attendant Dolores Paley -LRB- Anjelica Huston -RRB-
1121,development-1149Dolores
1122,development-1150This niece
1123,development-1151Stewart
1124,development-1152Ruthie
1125,development-1153Mary
1126,development-1154Samuel
1127,"development-1155Birmingham , Pepwell"
1128,development-1156The Man of a Thousand Inversions
1129,development-1157Peppermint Patty
1130,development-1158Marcie
1131,development-1159Arthur Leo Zagat
1132,development-1160Jacob
1133,development-1161Senator Hillary Clinton
1134,development-1164a bad guy
1135,development-1165detective Carlton Lassiter -LRB- Timothy Omundson -RRB-
1136,development-1166a lyricist
1137,development-1167Hamilton
1138,development-1168the then manager Walter Smith
1139,development-1169Ryan Packard
1140,development-1171Virgil
1141,development-1172Imlach
1142,development-1173Rijssel
1143,development-1174Luke 18:9-14
1144,development-11757th Earl of Gloucester
1145,development-1176Donaldson
1146,development-1177Buddy Greco 's
1147,development-1178Larry Louie
1148,development-1179singer Phil Collins
1149,development-1180Patrick Kelly
1150,development-1181Charles Philip
1151,development-1182Seeta
1152,development-1183an ambitious mother
1153,development-1184Walsmear 's
1154,development-1185`` Dagworth '' -LRB- after the farm where he was born -RRB-
1155,development-1186Derval
1156,development-1188Arika Yumemiya
1157,development-1189King Stephen
1158,development-1190Mabern
1159,development-1191Anne Vaux -LRB- c. 1562 -- in or after 1637 -RRB-
1160,development-1192Lizzy Bdihi
1161,development-1193Kwan
1162,development-1194Annabelle Jaramillo
1163,development-1195Lopes Cardoso
1164,development-1196James McNeill
1165,development-1197Agostino Brenzoni
1166,development-1198Albert
1167,development-1199Anita
1168,development-1200The Blonde
1169,development-1201McNair
1170,development-1202anesthesiology at Massachusetts General Hospital
1171,development-1203Matthew Vaughn 's
1172,development-1205Philip Zelikow
1173,development-1206Andrew Leon
1174,development-1207Bailey
1175,development-1208He
1176,development-1209She
1177,development-1210Lucy Hughes-Hallett
1178,development-1211his
1179,development-1212the son of Edwin Moffat and Aline Graves
1180,development-1213Madonna
1181,development-1214Tom Boonen
1182,development-1215Alexis
1183,development-1216Wilhelmina
1184,development-1217Connor
1185,development-1218Marc
1186,development-1219Robert the Bruce
1187,development-1220Laurie
1188,development-1221Ellen
1189,development-1222Lorraine -LRB- 1605-1660 -RRB-
1190,development-1223Her
1191,development-1224Mary Elizabeth McGlynn -LRB- the current voice of Kusanagi in the series -RRB-
1192,development-1225Lorraine Kelly
1193,development-1226Cena
1194,development-1227Huws
1195,development-1228his friend Aldous Huxley -LRB- another in this circle -RRB-
1196,development-1229Edwards
1197,development-1230Vanessa
1198,development-1231Josef Kriehuber -LRB- 14 December 1800 -- 30 May 1876 -RRB-
1199,development-1232Krueger
1200,development-1233She
1201,development-1234Veronica
1202,development-1235Rebecca James '
1203,development-1236Skanderbeg
1204,development-1237Anastasia -LRB- portrayed by Addison Holley -RRB-
1205,development-1238Stephanie
1206,development-1239Mabel
1207,development-1240Captain Takeo Sasaki
1208,development-1241His father Eugenio
1209,development-1242her son
1210,development-1243his
1211,development-1244The Washington Post 's Grace Lichtenstein
1212,development-1245Cynthia
1213,development-1246Whall
1214,development-1247Bruce
1215,development-1248Susan 's mother
1216,development-1249the Shanghai Masters
1217,development-1251His son
1218,development-1252President Banisadr
1219,development-1253John Smith
1220,development-1254Laura Bush
1221,development-1255the Dido
1222,development-1256Thomas Glenham
1223,development-1257Floyd N. Jones
1224,development-1258Cable Guy
1225,development-1259Her
1226,development-1260Bette Davis
1227,development-1261William Harley
1228,development-1262Gombell
1229,development-1263Lee
1230,development-1264Abed Gubi Nadir
1231,development-1265Britta
1232,development-1266Annie
1233,development-1267She
1234,development-1268Linda Robson
1235,development-1269Landrith as one of the new players that could help the 1953 Reds be a success
1236,development-1270actress Marjorie `` Ma Kettle '' Main
1237,development-1271Otto
1238,development-1272Necciai
1239,"development-1273Jocelin at first remained with the king , but after the excommunication of John in late 1209"
1240,development-1274Dickey
1241,development-1275JJ Babu
1242,development-1276Walter Brown -LRB- August 1917 -- June 1956 -RRB-
1243,development-1277George Sherwood Hume
1244,development-1278wenthal 's
1245,development-1279Journalist Irvin S. Cobb
1246,development-1280Crawford
1247,development-1282Lemhouse
1248,development-1283Grosso Arvore
1249,development-1284Big Kenny 's
1250,development-1285Siri
1251,development-1286Brightman
1252,development-1287Elizabeth
1253,development-1288Bass
1254,development-1289Mrs. Garrity
1255,development-1291Patsy Kelly
1256,development-1292Actor Rainn Wilson
1257,development-1293Yvette Fielding
1258,development-1294Hurley
1259,development-1295Jackson
1260,development-1296Sam
1261,"development-1297P.A. , -LRB- Hodgson -RRB-"
1262,development-1298Supreme Court Justice Samuel Alito
1263,development-1299Jakac
1264,development-1300`` Steel Framed ''
1265,development-1301Karthika
1266,development-1302Allen 's
1267,development-1303James Havard -LRB- born 1937 -RRB-
1268,development-1304Catelyn 's
1269,development-1305Ned
1270,development-1306Robert Grosteste
1271,"development-1307Phil Esposito , who had recently become part owner of the expansion Tampa Bay Lightning was quoted as saying about the incident : `` I did n't just pay $ 50 million for Bernie Wolfe ."
1272,development-1308Merritt
1273,development-1309his first wife
1274,development-1310Switzerland 's former coach
1275,development-1311Martin Mayhew
1276,development-1312Omlie
1277,development-1313Anna
1278,development-1314her son 's
1279,development-1315Nathan-Turner 's
1280,development-1316Orwen
1281,development-1317Dr. Mark Norell of misinterpreting the fossil BPM 1 3-13 as having long leg feathers due to the `` blinding influences of preconceived ideas
1282,development-1318Jerry
1283,development-1319Isabelle
1284,development-1320Geoffrey Mutai
1285,development-1321Shirley
1286,development-1322O.J. Simpson 's
1287,development-1323Rogers '
1288,development-1324Merian
1289,development-1325Sylvia Mary Montgomery
1290,development-1326Georgina
1291,development-1327She
1292,development-1328Yentl
1293,development-1329Anna Domino -LRB- born Anna Virginia Taylor -RRB-
1294,development-1330his friend Casey Bledsoe -LRB- Mark Griffin -RRB-
1295,development-1331Gabriel Lalemant
1296,development-1332her partner
1297,development-1333Alexis Castle
1298,development-1334Hedberg
1299,development-1335Sara
1300,development-1336Heffron
1301,development-1337author of Mayurasandesa
1302,development-1338Tina
1303,"development-1339young , idealistic scientist Tom Cable"
1304,development-1340Feuerman
1305,development-1341Malcolm Mitchell Young -LRB- born 6 January 1953 -RRB-
1306,development-1342Ream
1307,development-1343Halime Sultan
1308,development-1344he
1309,development-1345Sally
1310,development-1346Rowell
1311,development-1347Film Editor Richard Currier
1312,development-1348Madonna
1313,development-1349Mrs Bassat
1314,development-1350Geri
1315,development-1351Geri
1316,development-1352the reader
1317,development-1354Blaine
1318,development-1355the famous stage performer Kate Maxwell -LRB- O'Hara -RRB-
1319,development-1356Farah on the other hand
1320,development-1357Yasmeen
1321,development-1358Martha
1322,development-1359his adoptive brother David G. Farragut
1323,development-1360Mroz
1324,development-1361Doreen
1325,development-1362Sonya
1326,development-1363Richard
1327,development-1364Williamson
1328,development-1365Baron Strucker
1329,development-1366Steve Dunne
1330,development-1367Helen
1331,development-1368Dean of Arts
1332,development-1369Cowling
1333,development-1370Ian Law who held a splinter claim to the British Middleweight Championship at the time -LRB- the main lineage being held by Brian ` Goldbelt ' Maxine -RRB-
1334,development-1371Isenberg
1335,development-1372Ferguson
1336,"development-1373Felicia Rudolphina Scatcherd -LRB- 1862 -- March 12 , 1927 -RRB-"
1337,"development-1374Kweisi Mfume , a name"
1338,development-1375her lover
1339,development-1376The next day Erica
1340,development-1377Lincoln
1341,development-1378Nina Gordon
1342,development-1379Kawee
1343,development-1380Elizabeth Paepcke
1344,development-1381Jerry Levitan in 1969
1345,development-1382he
1346,development-1383Hornby
1347,development-1384Catholic
1348,development-1385Kenny 's
1349,development-1386fl. 190s -- 231
1350,development-1388Lewis ' biggest rival
1351,development-1389The Gipper
1352,development-1391Viktor Rydberg
1353,development-1392Charlotte Bront
1354,development-1393Colin 's
1355,development-1394his wife Alexandra Ivanovna -LRB- d. 1782 -RRB-
1356,development-1395Maria 's
1357,development-1396Anna Komnene
1358,development-1397Alzheimer 's
1359,development-1398Ed Gibson
1360,development-1399Laurie
1361,development-1400Kristin Hersh
1362,"development-1401Alicia de Larrocha '' at Cultural Center Spazio Aperto , Bellinzona"
1363,development-1402Andy he does n't smoke
1364,development-1403housewife 's
1365,development-1404Gaul
1366,development-1405The Real Linda Lovelace
1367,development-1406a commander of a cavalry brigade
1368,development-1407the EFL Championship Player of the Month award
1369,development-1408Antill
1370,development-1409Laura Drummond
1371,development-1410His family
1372,development-1411Mitali 's
1373,development-1412Purdy
1374,development-1413Eisenhower 's
1375,development-1414Leon
1376,development-1415Elizabeth by his kindness and courtesy
1377,development-1416Charles Babbage
1378,development-1417he
1379,"development-1418David Dunn -LRB- January 17 , 1811 February 17 , 1894 -RRB-"
1380,development-1419William J. Wallace 's
1381,development-1420Laming 's
1382,development-1421Hetty
1383,development-1422The new king
1384,development-1423Childress 's
1385,development-1424longtime associate Henry Hill
1386,development-1425many of the aristocrats of the Austrian Empire
1387,"development-1426Amalia of Cleves -LRB- German : Amalia von Kleve-J * lich-Berg -RRB- -LRB- 17 October 1517 , D * sseldorf -- 1 March 1586 , D * sseldorf -RRB-"
1388,development-1427many of the horsemen involved in Thoroughbred racing today
1389,development-1428Dudley 's
1390,development-1429Dumanis
1391,development-1430Rita
1392,development-1431Howard Felsher
1393,"development-1432Mikhaylov had become the 1,500 * m world record holder"
1394,development-1433Harry
1395,development-1434his
1396,development-1435Barbara
1397,development-1436de la Section d'Or in 1912
1398,development-1437Her niece Princess Emma of Waldeck and Pyrmont -LRB- 2 August 1858 -- 20 March 1934 -RRB-
1399,development-1438Francisco Alvares
1400,development-1439a descendant of Monckton Synnot
1401,development-1440Jose Montero y Vidal
1402,development-1441Joan Baez 's `` Girl of Constant Sorrow ''
1403,development-1442Buchan 's
1404,development-1443Jim Ross
1405,development-1444popular singer Jay Chou
1406,development-1445Elizabeth Deveraux
1407,"development-1446the grand niece of the soprano Ivonne Haza and great-great-great-granddaughter of the poet and hero of the Restoration War , Manuel Rodr * guez Obj * o"
1408,development-1447Judge Winslow 's older sister
1409,development-1448His
1410,development-1449Jeri
1411,development-1450his
1412,development-1451Gallagher 's
1413,development-1452Producer Avi Arad
1414,development-1453Tolsma
1415,development-1454Corchia
1416,development-1455Louise Sauvage
1417,development-1456Linda Cropper
1418,development-1457Burton Cummings
1419,development-1458Dorothy Anne Dodd
1420,development-1459Binder 's
1421,development-1460Felix
1422,development-1461Paul
1423,development-1462Peter
1424,development-1463Kiely
1425,"development-1464Some of Morton 's songs -LRB- listed alphabetically -RRB- : * * * Several of Morton 's compositions were musical tributes to himself , including `` Winin ' Boy '' , `` The Jelly Roll Blues '' , subtitled `` The Original Jelly-Roll '' , and `` Mr. Jelly Lord '' ."
1426,development-1465Virago in its early years
1427,development-1466Frankie Valli
1428,development-1467Kitami
1429,development-1468Redmond 's
1430,development-1469Brokesby
1431,development-1470Buffie 's
1432,development-1471singer Akiko Yano
1433,development-1472Bradley
1434,development-1473Moyne
1435,development-1474Maggie
1436,development-1475Maggie
1437,"development-1476Nicholas E. Gonner -LRB- 1835-1892 -RRB- , a Catholic immigrant from Pfaffenthal in Luxembourg"
1438,"development-1477http://www.jerryholland.com/discolist.htm He published two collections of fiddle tunes : Jerry Holland 's Collection of Fiddle Tunes and Jerry Holland 's Second Collection of Fiddle Tunes , both edited by Paul Cranford ."
1439,development-1478Odette
1440,development-1479Odette
1441,development-1480Eisenhower
1442,development-1481Anish
1443,development-1482Shaina
1444,development-1483Richard Goss
1445,development-1484Sarah Jane as a child abductor
1446,development-1485Clyde
1447,development-1486Sarah Jane
1448,development-1487Louise Homer
1449,development-1488Peter Cetera
1450,development-1489Edgar
1451,development-1490Ron Barclay
1452,development-1491Farquharson 's thoracic medicine specialist Chris Steinfort
1453,development-1492CEO Charles Aperia
1454,development-1493Palmore 's
1455,"development-1494The daughter of a Mr. McDonagh and a Ms. McGreal , Mary"
1456,development-1495Smythe
1457,development-1496Susie
1458,development-1497Rockov
1459,development-1498Mr Telford
1460,development-1499Henry Byron
1461,development-1500Shakespeare
1462,development-1501Yahya Goba
1463,development-1502Nixon 's
1464,development-1503M. de Ruvigny
1465,"development-1504Tanisha -LRB- ; born Tanisha Mukherjee on 1 January 1978 in Mumbai , India -RRB- , also known as Tanisha"
1466,development-1505Vermont Congressman Peter Welch
1467,development-1506Secter 's nephew
1468,development-1507Johanna Elisabeth -LRB- 3 October 1680 -- 2 July 1757 -RRB-
1469,development-1508Mosconi
1470,development-1509James Smith Forbes and Reginald Fairlie in a competition
1471,development-1510Mayada Ashraf
1472,development-1511Claudius Pompeianus -LRB- a Syrian -RRB- who married Marcus Aurelius ' daughter Lucilla following the death of Lucius Verus
1473,development-1512Jorge Rivero
1474,development-1513Anakin
1475,development-1514Jude Watson about Obi-Wan Kenobi
1476,development-1515Compton
1477,development-1516Michael 's
1478,development-1517The surveyor
1479,development-1518politician and physician Henry P. H. Bromwell
1480,development-1519Lauro
1481,development-1520the upcoming release Dragonology
1482,development-1521James Carter of New York
1483,development-1522Shkreli
1484,development-1523Hannah More
1485,development-1524Anne
1486,development-1525Generalul Victor Catan
1487,development-1526Carl Alexander Clerck -LRB- 1709 -- 22 July 1765 -RRB-
1488,development-1527an actor
1489,development-1528Arabella
1490,development-1529Tia Dalma - A powerful voodoo priestess and old acquaintance of Jack Sparrow .
1491,development-1531Terry
1492,development-1532Bruce
1493,development-1533Erlewine
1494,development-1534Abraham
1495,development-1535the young wife
1496,"development-1536Eduard Heinrich Henoch -LRB- 1820 -- 1910 -RRB- , a German pediatrician -LRB- nephew of Moritz Heinrich Romberg -RRB-"
1497,development-1538an average person like you
1498,development-1539Raju
1499,development-1540Raju
1500,development-1541Bilal 's
1501,development-1542Manapat
1502,development-1543Timbilil
1503,development-1544Godfrey
1504,development-1545Asma Jahangir
1505,development-1546Norman
1506,development-1547Todd when he detects her silence
1507,development-1548Chiang
1508,"development-1549`` Kimberly '' -- were inspired by moments with members of Smith 's family , while others -- `` Break It Up '' , `` Elegie '' --"
1509,development-1550Fengler
1510,development-1551Schuyler Jessica 's
1511,development-1552Ramya 's
1512,development-1553Martin
1513,development-1554Piero Dusio
1514,development-1555Lily
1515,development-1556Lily
1516,development-1557Superman
1517,development-1558another partner
1518,development-1559Steve Jobs
1519,development-1560he
1520,development-1561his contemporary
1521,development-1562Emma Frost : Emma 's secondary mutation activated in the midst of the bombing of Genosha by Cassandra Nova 's wild Mega-Sentinels .
1522,development-1563Dutton
1523,development-1564Mona -LRB- Janel Parrish -RRB-
1524,development-1565Jervis
1525,development-1566Ken
1526,development-1567Stibor
1527,development-1568Osborn 's Iron Patriot 's
1528,development-1569Budweiser `` Buddy '' Wickersham -LRB- voiced by Andrew Francis -RRB- - Brock 's younger brother who is also a bully .
1529,development-1570Carly McKillip
1530,development-1572Jerome
1531,development-1573his
1532,development-1574Hunter
1533,development-1575Tommy Vesey -LRB- William Hurt -RRB-
1534,development-1576Thorpe
1535,development-1577Governor James E. McGreevey
1536,development-1578Anton Bruckner
1537,development-1579Emma Laine for both titles
1538,development-1580Millie 's
1539,development-1581Endean
1540,development-1582Shahid Afridi
1541,development-1583Hagrold
1542,development-1584the fifth man
1543,development-1585the baby 's
1544,development-1586Josephine Byers
1545,development-1587nf Minuten Amerika
1546,development-1588Phyllis Chamberlin -LRB- season 1 -RRB-
1547,development-1589Janet
1548,development-1590Don Revie
1549,development-1591Morgan for bashing Simon Raven to death in Sydney on 18 October 1796
1550,development-1592Rosas
1551,development-1593McGown
1552,development-1594her
1553,development-1595the second Wei emperor
1554,"development-1596His father , the owner of an appliance store and record shop"
1555,development-1597Cappie Pondexter 's
1556,development-1598General manager Brian Cashman
1557,development-1599Nancy
1558,development-1600Nancy
1559,development-1601Debra Lawrance
1560,development-1602the last time Amy
1561,development-1603Esme
1562,development-1604A young actor
1563,development-1605John Dryden
1564,development-1606Army Chief of Staff General Gordon R. Sullivan
1565,development-1607Dalton
1566,development-1608Jack Kroll
1567,development-1609Lesia Tsurenko
1568,development-1610Charles Jr. -LRB- c. 1890 -- 1971 -RRB-
1569,development-1611Judge John Howard Ferguson
1570,development-1612Kelly
1571,development-1613Ussher
1572,development-1614Ida Cook
1573,development-1615Lazar
1574,development-1616Heiberg
1575,development-1617Delgado
1576,development-1618Charles E. Dibble
1577,development-1619George Halford
1578,development-1620Annalise Hartman -LRB- Kimberley Davies -RRB-
1579,development-1621Cheryl
1580,development-1622Oruche
1581,development-1623Gabby
1582,development-1624Justine Olsen
1583,development-1625Rita Angus
1584,development-1626# 12 Fukuyama Sakura
1585,development-1627Kate
1586,development-1628Salonga
1587,development-1629Fenn
1588,development-1630Johnson 's
1589,development-1631Ronald Mailhot
1590,development-1632he
1591,development-1633Debbie
1592,development-1634Mo and Tre
1593,development-1635Moina
1594,development-1636Banerjee
1595,development-1637Jack Burns
1596,development-1638Lauren Lake
1597,development-1639Isidore
1598,development-1640Nicki French
1599,development-1641Idolator
1600,development-1642Elena Blaramberg
1601,development-1643Yawara
1602,development-1644Kyon-kyon
1603,development-1645Louise
1604,development-1646the younger sister of Spencer Pratt
1605,"development-1647Lady Xun -LRB- * , personal name unknown -RRB- -LRB- died 335 -RRB-"
1606,development-1648Inge Dekker
1607,development-1649Janelle
1608,development-1650Brianna Denison 's
1609,development-1651Ashford
1610,development-1652Ruth
1611,development-1653Angela for breaking one of his mother 's wine glasses
1612,development-1654Elizabeth
1613,development-1655Russian : ***** ************* **** ; born 4 June 1991 in Langepas
1614,development-1656Arvidsson
1615,development-1657Judy
1616,development-1658Tanya
1617,development-1659Donna
1618,development-1660Austen
1619,development-1661Maryse
1620,development-1662Julia
1621,development-1663Fujii her first professional defeat
1622,development-1664Mary Warren
1623,development-1665Millie
1624,development-1666Backenecker
1625,development-1667Sylvia Kay
1626,development-1668the academies of Breda and T * bingen
1627,development-1669She
1628,development-1670Kate Jackson
1629,development-1671a half-sister of Martha Wayles Jefferson
1630,development-1672Kara DioGuardi
1631,development-1673Lois Maxwell 's
1632,development-1674Jenny
1633,development-1675Ellen 's
1634,development-1676Jerrica Benton
1635,development-1677Abby 's
1636,development-1678Daisy
1637,development-1679the heroine
1638,development-1680Janet Beaton 's
1639,development-1682Polly
1640,development-1683She
1641,development-1684Samantha Fox
1642,"development-1685Momentum2 , a Sydney based social marketing and communications consultancy working on projects for National Geographic Society , Qantas and Harpo Productions , and managed the media and publicity for Oprah Winfrey 's tour of Australia in 2011"
1643,development-1687Family
1644,development-1688Susan King
1645,development-1689Meghan
1646,development-1690Agatha Christie
1647,development-1691The English Quaker and pacifist Priscilla Hannah Peckover
1648,development-1692She
1649,development-1693Nancy Langat
1650,development-1694she
1651,development-1695the actress playing the Queen
1652,development-1696Zoe
1653,development-1697Michelle
1654,development-1698her
1655,development-1699her
1656,"development-1701Sarala , an extremely bright girl , who did not know a word of Hindi had to learn all dialogues by heart but ultimately acted so well many critics"
1657,development-1702Kathy Boyle -LRB- born 1952 -RRB-
1658,development-1703opera singer
1659,development-1704Natalya
1660,development-1705WSU/NWS
1661,development-1706Marie
1662,development-1707later Anne
1663,development-1708Leslie himself
1664,development-1709Dan Shaughnessy
1665,development-1711Ann Sui
1666,development-1712Karen
1667,development-1713a pensionado to the United States
1668,development-1714Vanderpump 's
1669,"development-1715A young girl , Carol"
1670,development-1716Hannah Davis
1671,development-1717Queen Dowager Catherine
1672,development-1718Juliet Asante
1673,development-1719Sigismund 's daughter
1674,development-1720Emily 's
1675,development-1721Moolah
1676,"development-1722Kushi -LRB- Radhika Pandit -RRB- , Pratham -LRB- Tarun -RRB-"
1677,development-1723Recueil des Historiens des Croisades
1678,development-1724another of his sporting challenges
1679,development-1726Diane
1680,development-1727Maeve Alexander -LRB- born Maev Alexandra Reid McConnell on 3 February 1948 -RRB-
1681,development-1728Klara
1682,development-1729Martha -LRB- Hylton -RRB- that she needs a long holiday to recapture her creative inspiration
1683,development-1730the 5000m and 10000m at the European Athletics Championships
1684,development-1731Golonka
1685,development-1732Edith Cummings
1686,development-1733Victoria
1687,development-1734Winspear
1688,development-1735Winspear
1689,development-1736His widow
1690,development-1737Sarah Doukas of the Storm Model Agency
1691,development-1738the daughter of Joan Lois Coburn
1692,development-1739Alexandra Byrne
1693,development-1740Margaret 's daughter
1694,development-1741Ukrainian Zhanna Pintusevich-Block
1695,development-174233rd
1696,development-1743Factor contestant Maria Lawson
1697,development-1744Trankov
1698,development-1745Thomasine -LRB- born 1652 -RRB- Dorothy -LRB- born 1659 -RRB- Arabella -LRB- born about 1655 -RRB-
1699,development-1747Lady Mary Butler -LRB- died 1713 -RRB-
1700,development-1748Nussbaum
1701,development-1749Deanna
1702,"development-17501906 Skipworth toured with Viola Allen in three productions of Shakespeare , Cymbeline , Twelfth Night , and As You Like It"
1703,development-1751CoverGirl
1704,development-1752Many of Cinoman 's plays
1705,development-1753She
1706,development-1754she
1707,development-1755the daughter of physicist Vazha Pruidze and chemist Aida Dzvelaia
1708,development-1756her
1709,development-1757Georgia O'Keeffe
1710,development-1758Olympic
1711,development-1759Nefertiti -LRB- wife of Akhenaten -RRB-
1712,development-1760Carly 's
1713,development-1761his absence Carly momentarily
1714,development-1762Heidi
1715,development-1763Kate Greenaway
1716,development-1764Princess Sophie
1717,development-1765Isabelle Grossman -LRB- Amy Irving -RRB-
1718,development-1766Marcia Cross
1719,development-1767Joan Poynings
1720,development-1768Chelsea Green
1721,development-1769She
1722,development-1770Ann Schongalla
1723,development-1771Maria Franklin
1724,development-1772Beatrice d'Este
1725,development-1773Sarah 's
1726,development-1775She
1727,development-1776Jane
1728,development-1777Alice 's mother
1729,development-1778Anne
1730,development-1779J.R.
1731,development-1780Jeanine Basinger -LRB- born 3 February 1936 -RRB-
1732,development-1781Vangsness
1733,development-1782Terri Windling
1734,development-1783Mohs
1735,development-1784Anita Ekberg
1736,development-1785Harriet Housel
1737,"development-1786mother of Erik , Sjoerd , and Peter Vollebregt , all candidates for the 1976 Olympic sailing event"
1738,development-1787Ms Gurney
1739,development-1788Madhu
1740,development-1789his first wife
1741,development-1790You
1742,development-1791Edith Somerville
1743,development-1792Ellen Key
1744,development-1793Snow White
1745,development-1794Queen
1746,development-1795She
1747,development-1796Maripol
1748,development-1797Madonna
1749,"development-1799Her co-star from Sunday in the Park with George , Mandy Patinkin"
1750,development-1800Lydia
1751,development-1801Sieppe
1752,development-1802Shana during the period of time
1753,development-1803her
1754,development-1804Jane Seymour
1755,development-1805Tracey Gold
1756,development-1806Zofia 's
1757,development-1807Golovin
1758,development-1808Linda Atkinson
1759,development-1809Nicole Thorne
1760,development-1810supermodel Kate Moss
1761,development-1811Carol 's mother Betty Trussell
1762,development-1812Althea
1763,development-1813Caroline
1764,development-1814you
1765,development-1815Vivienne
1766,development-1816Kay Thompson
1767,development-1817Louise
1768,development-1818Bessie Smith
1769,development-1819Madonna
1770,development-1820Michelle Branch -LRB- center -RRB- during a June 2007 concert with Jessica Harp -LRB- right -RRB- as The Wreckers .
1771,development-1821Anne Gascoigne
1772,development-1823Marge
1773,development-1824`` Woman of Labrador ; The Elizabeth Goudie Story ''
1774,development-1825Bonnie
1775,development-1826Jill Bennett
1776,development-1827Diana
1777,development-1828Irene
1778,development-1829she
1779,development-1830Mathilde
1780,development-1831Madge Bellamy
1781,development-1832Ahn
1782,development-1833Her
1783,development-1834Louisa Ulrika in 1782
1784,development-1835slowed-down
1785,"development-1836Sanya Lopez -LRB- born August 9 , 1996 at Nagcarlan , Laguna , Philippines -RRB-"
1786,development-1837Drew Barrymore
1787,development-1838Susan Boyle as a joke
1788,development-1839Speier
1789,development-1840Livsey
1790,development-1841She
1791,development-1842Tanasugarn
1792,development-1843Lady Paget before her marriage
1793,development-1844Helena
1794,development-1845Emilia Pia
1795,development-1846Julia with an offer
1796,development-1847Delysia
1797,development-1848she
1798,"development-1849Kerri Kenney in Westport , Connecticut , the daughter of Sharon -LRB- McGaughey -RRB- and Larry Kenney , an actor who is known for his classic voice-over work"
1799,development-1850She
1800,"development-1851Her sister , Charmaine"
1801,development-1852a teacher
1802,development-1853her family
1803,development-1854Audrey
1804,development-1855Margaret Singer
1805,development-1856his wife
1806,development-1857his wife
1807,development-1858Aimee Mann
1808,development-1859Rita
1809,development-1860Helen Reddy
1810,development-1861Julie
1811,development-1862Geena Davis in the TV show Sara
1812,"development-1863Hester Baldwin on June 24 , 1779"
1813,development-1864Melina
1814,development-1865Harriet Candace `` Rose
1815,development-1866Ursula Andress
1816,development-1867Writer Kate Lock
1817,development-1868Carmen 's
1818,development-1869Pauline
1819,development-1870Madeline Albright
1820,development-1871Angela McLean
1821,development-1872Jemima Shore
1822,development-1873Lindy Robbins
1823,development-1874Stacey
1824,development-1875Gillard
1825,development-1876Carol Fox
1826,development-1877Claudia Card
1827,"development-1878eventual runner-up Conchita Mart * nez , 7 -- 6 -LRB- 5 -RRB- , 6 -- 1"
1828,development-1879Amy Lewis
1829,development-1880Frida Leider
1830,development-1881Sonja Henie
1831,development-1882Helga
1832,development-1883Eugen -LRB- 1873 -RRB-
1833,"development-1884Lily Elise -LRB- born February 20 , 1991 -RRB-"
1834,development-1885Vanitha
1835,development-1886Osterman combined with Anjelica Selden of the UCLA Bruins to strike out 31 batters in an 8-inning
1836,development-1887Katherine Cross of Gamasutra
1837,development-1888Janet
1838,development-1889a fellow college student
1839,development-1890Franklin
1840,development-1891Mauceri
1841,"development-1892Audrey Marlene Brown in Dutton , Ontario , the daughter of Margaret Clark and William Brown , of Scottish and English descent"
1842,development-1893Carol Lasser
1843,development-1894Susannah Clapp of The Guardian
1844,development-1895Jane `` Jennie
1845,development-1896ne dansante
1846,development-1897Russian coach Ludmila Velikova
1847,development-1899Delphine LaLaurie -LRB- Kathy Bates -RRB-
1848,development-1900Germany 's Gabriella Brum
1849,development-1902her mother
1850,development-1903Holly Hathorn
1851,development-1905Vani
1852,development-1906Vani
1853,development-1908Rainer Maria Rilke
1854,development-1909Sarah Glasscock included her parents
1855,development-1910Tancy 's
1856,development-1911Wozniacki
1857,development-1912Karen Clark-Sheard
1858,development-1914the spinster teacher Katherine Brooke
1859,development-1915Nichole Hiltz
1860,development-1916Susan Vandom
1861,development-1917Lucy
1862,development-1918Anne
1863,development-1919her
1864,development-1920Cheryl
1865,development-1921Danni
1866,development-1922Nellie Poulett-Harris
1867,development-1923These victims
1868,development-1924Emily
1869,development-1925Her
1870,"development-1926Heather , who is staying with Minty"
1871,development-1927Ms. Gordon
1872,"development-1928Gleitman -LRB- 1990 -RRB- counters Pinker 's ideas by asserting that context is insufficient to supply word meaning , as a single context can allow for multiple interpretations of an uttered sentence ."
1873,"development-1929Nikki Tranter of PopMatters , the song `` details exactly what"
1874,development-1930ITV1 's
1875,development-1931Mary of York -LRB- 11 August 1467 -- 23 May 1482 -RRB-
1876,development-1932his future wife
1877,development-1933Her
1878,development-1934Mary Magdalene
1879,development-1935Nellie
1880,development-1936Hasidic
1881,development-1937history Phyllis Thede
1882,development-1938Princess Amentia
1883,development-1939Justine Henin 's
1884,development-1940Aisha Potty
1885,development-194117th
1886,development-194217th
1887,development-1943Anjali Menon
1888,development-1944Claire
1889,development-1945Ellen 's sister Julia Anne
1890,development-1946their friend
1891,development-1947Emily Birrell
1892,development-1948Charlene
1893,development-1949Arina Charopa
1894,development-1950Staniouta
1895,development-1951p. 10
1896,development-1952Lily Allen
1897,development-1953Here
1898,development-1954Joanne
1899,development-1955his family
1900,development-1956her twin sister
1901,development-1957Parton-penned
1902,development-1958Erin
1903,development-1960Fey 's
1904,"development-1961Mrs , Waller"
1905,development-1962Peggy
1906,development-1963Stacey
1907,"development-1964Chelsea Hobbs -LRB- born Chelsea Raelle Hobbs ; February 18 , 1985 -RRB-"
1908,development-1965Karen Rolton
1909,development-1966A petrified Miss Trunchbull
1910,development-1967Matilda
1911,development-1968Caroline Garcia
1912,development-1969Maria
1913,development-1970the character of the Doctor in the Eighth Doctor Adventures
1914,development-1971Natasha
1915,development-1972Sarah-Jane Crawford
1916,development-1973Joanna Heffernan
1917,development-1974Brooke 's
1918,"development-1975her older sister Sofia Vasa , who was described as the most unhappy of the children of Gustav Vasa"
1919,"development-1976Madeline Hatter -LRB- voiced by Cindy Robinson -RRB- -- The daughter of the Mad Hatter from Alice 's Adventures in Wonderland , Maddie is Raven 's best friend ."
1920,development-1977Amy
1921,development-1978Jacky
1922,development-1979Lorelei Lee
1923,development-1980Haiduk
1924,development-1982Angela 's sister
1925,development-1983Mrs Edith Weston
1926,development-1984Lady Elizabeth
1927,development-1985Biddall 's former Hollyoaks cast-mate Zoe Lister -LRB- Zoe Carpenter -RRB-
1928,development-1986Her
1929,development-1987Hannah
1930,development-1989Lily 's
1931,development-1990Thea Musgrave
1932,development-1991Marianne
1933,development-1992Lucy
1934,development-1993Jenny
1935,development-1994Bashkirtseff
1936,development-1995Linda Eder
1937,development-1996a concerned Nicole
1938,development-1997the oldest of two daughters
1939,development-1998Maria
1940,development-1999Suzanne Bartsch
1941,development-2000Elizabeth
